Username,User ID
iruna210,550694625
talecraftpodcast,67058560839
aurumbookseries,65803626648
nocsvitani,64400398578
pachi.miranda,2215451896
kate_imogen03,20657761980
prince_berahino,6328736706
2_taverns,55971752644
auditoryfidget,54515276
castillo_schmuck,3449769750
punch_rum,63489926811
fra_viga,7161842688
piron_raphael,49088034377
greedygorgonpress,60535053289
grappling.hooks,66379241273
tesserark,64223296326
artisticavenue71,62988132008
badwolf_forge,58224398029
xxdeaddrakexx,27181121002
clayscence,4627868265
tcgbling,60030904915
thekeyboardpilgrim,65136241453
demodraggaming,61777731523
lich_king_osiris,57437276374
2starlightx,7757640416
waddlingblueduck,27287870372
mythosquill,66271842750
lowkeylokilookalike,26060691
yadavyashuy,48609218202
dineshbhaibhil1,61289095403
shabarigirisan1997,6036116080
fallenlegend.pt,25089261144
archangel_blaze92,36041709991
icedevilr_g,20048417752
hexcellar,59393243019
avynnmontgomery,9992447440
oneeyedwerebear,48977756038
grung_lover,65862282223
bluefox2233,14216138976
ellesbelles_97,1384077600
damienb_animation,7466113382
eadesie2electricboogaloo,29340959666
atomic_spaghetti,3872505361
lordofsabres,58864359961
fandomstar.cos,26445173147
talesandtaverns,49270293783
aritzcirbian,191046434
bulb0megax_,49000282633
pharezhis,40004527170
fenice_di_fuoco_,7938521946
paul_fr03,55754663366
fritz_stagram_kamui,6173924145
dnd.character.help,65556315689
jqgraziano,58062738136
marta.dalessio,5723846063
_uazzo_,4202060818
mine_5610,2100423565
cameron.brevard.1,65787946150
2_noot_1,5637219277
andrewhind73_,3047733304
lustylavender666,308415145
_wungo_,5802946042
crowdfunding_maddy,65130547040
crestwork2,18009933213
bongoheracles,2167752
koidragon1234,59541639447
steeben.n,2205872677
tryhardginger7,590595690
badgertalesgms,63847006385
butter_brews,53473233141
dungeonmastermind,58672075169
zander.mercurio,10479462319
dnd_yes,46184743848
jm010180,37531847382
mekhiholley,6911558847
unforgivingmuse,5966963517
mcmorelli,1320335
goreharthewolfking,41172523978
keiblade_rush,3953315512
acondes219,34747875917
exp52400,44678008723
fortune_pro3,61289926612
legendsofdhemetra,63992564761
torfinn.myhre,37560519383
vandal.ware27,3003111506
mitico.rol,60605365111
tiredlich,63935459526
draconis_sanguineum,643572846
qor.sim_pro,61294923389
timeihavewasted,1393081909
chulie.art,28251820779
misterhabs,187118966
hastertheredhead,38164478697
juank_duranm,2461661038
vault_of_velios,57736676293
ewannicolle,8639113766
exp7893z,405263160
ad.lwh,58672325811
eswat2,36231647
morkahja,56505102632
huwtj,5612021
jahzie11,8575343257
dndartify,57874786968
tiny.savi,23992129
dm_evensen,62519630965
dndpersonalworksappreciator,50238877545
samuelsunny42,62341261803
bigammeenn,61288823468
waywardenigmadesigns,60851483245
overart.t,49823583458
ware6455,5265944997
scribe.of.tzeentch,60256254140
thekilteddm0370,59177806236
verdantgames5e,46881870020
in_teokuitlatiueitlahtokayotl,60506228011
mtaufiqgani,53983454928
roosterema,23144323814
akrambenhammadi,5568066648
lav_raccoon,2915863133
maironluz,1410160761
jokomaisu,39385826563
tilli_mrtn,8414661368
cheyllama,3626643309
ventosbh,58688486956
hayleyish,296137438
aether_crescent,19312958725
boubernatmateu,14775534160
calibournestudios,60890008486
karl2311,654941800
adryons_archivum,61807078497
rita25gdaisy,48128536560
purplefox769,61255961651
diego.latini.75,24778077070
les_looters,48401563415
smokebombp,13374990805
exp_harvester,60044164369
mediastreampress,11367559518
youwannadowhatpodcast,49348898604
dm_compendium,58471001283
lystoria__project,52402863188
magnificus_artifex,60658514696
micah_m00lman_,29865815980
starkiller3443,3096325270
zenflavor.dnd,61204125840
flailtotheface,60243317793
tabletop.curiosities,57674923805
ariannatremiti,7058306525
soundsanddungeons,57496064553
the_glorious_compendium,57030373194
gui.pcruz,745841622
ildottoresexperiments,54190609449
worldshaper.ztl,61022593398
fatesforgednd,49102991130
arcadiantv,53319439631
ardapelkroke,47609138994
dichotomy.games,55583145974
jbilodo,8952685430
ryko0001,59909049941
historiaobscura_the_game,56287729164
fsproductions_ttrpg,52249150919
goncalves__8,3056500027
yordanyo_,2205222573
rollfordopamine,58959495540
djimenez.miniatures,60821572839
tacobella.jinglebella,60627326278
craftsofthedeep,56592121345
pixel_humanity,60629234789
rufus_comics_404,6636572733
tcdreams_berlin,58274314866
augusto_mvs,25827558187
khaixrozary,6652862091
thebrokenfewdnd,29417278412
vaultofthearcane,19820217210
arcane_paradox_ai,59614298343
onethousandgoblins,61227252800
dreamsconnect_agency,46907601932
oyinda_david,58857265944
arcane_discoveries,55045422193
kellkorian,7832855642
dungeonaidgames,58195755547
theshadowytavern,58427899874
a_slavic_shadow,1928637724
terranempirepublishing,39677293801
polyheathen_dice,59672009979
rolltorole,5991809105
