account_links, expected_followers 
https://www.instagram.com/elowenfrostrpg/,  186 
https://www.instagram.com/giants.of.the.north/,"  2,300 "
https://www.instagram.com/spectrecreations/,"  14,100 "
https://www.instagram.com/magehandpress/,"  1,904 "
https://www.instagram.com/loottavern,"  84,300 "
https://www.instagram.com/draco_studios,"  9,375 "
https://www.instagram.com/hitpointpress/,"  14,600 "
https://www.instagram.com/kthomebrew/,"  7,416 "
https://www.instagram.com/realmstoryteller/,"  13,200 "
https://www.instagram.com/obviousmimic/,"  1,288 "
https://www.instagram.com/natwuns,"  5,541 "
https://www.instagram.com/midnighttowerrpg/,"  1,389 "
https://www.instagram.com/totalpartykillgames,"  1,157 "
https://www.instagram.com/kelfecil/?hl=en,"  1,588 "
https://www.instagram.com/thedragonsvault,"  11,700 "
https://www.instagram.com/elderbraincom/,  776 
https://www.instagram.com/knightvisionttrpg/,  918 
https://www.instagram.com/sarsengames/,"  1,261 "
https://www.instagram.com/tomeofsummoning/,"  11,200 "
https://www.instagram.com/ghostfiregaming/,"  7,581 "
https://www.instagram.com/homieandthedude/,  901 
https://www.instagram.com/privateerpress/,"  14,500 "
https://www.instagram.com/eightfoldpaper/,"  6,052 "
https://www.instagram.com/grimmoonstudio/,"  2,846 "
https://www.instagram.com/apotheosisstudios/,"  16,100 "
https://www.instagram.com/ghostfiregaming/,"  7,581 "
https://www.instagram.com/koboldpress,"  25,900 "
https://www.instagram.com/thedmlair/,"  3,955 "
https://www.instagram.com/rollforcombat/,"  1,399 "
https://www.instagram.com/gamemasterworlds,"  2,165 "
https://www.instagram.com/dungeoninabox,"  31,400 "
https://www.instagram.com/tombguardians/,"  1,495 "
https://www.instagram.com/beyondthescreenrpg/,"  1,235 "