[
  {
    "originial_text": "LipÃ¶dem Klinik an der Alster, Hamburg\nProf. Dr. Dr. Klesper",
    "url": "https://xn--lipdem-yxa.hamburg/",
    "domain": "xn--lipdem-yxa.hamburg",
    "title": "Prof. Dr.",
    "first_name": "Klesper",
    "last_name": "",
    "gender": "",
    "country": "Germany",
    "city": "Hamburg",
    "Address": "LipÃ¶dem Klinik an der Alster,\nMittelweg 18,\n20148 Hamburg",
    "postcode": "20148",
    "email_ids": [
      "info@lipoedemklinikhamburg.de"
    ],
    "phone_numbers": [
      "040 41622819"
    ]
  },
  {
    "originial_text": "Klinik an der Alster, Hamburg\nProf. Dr. Dr. Klesper",
    "url": "https://www.beauty-klinik-alster.de/",
    "domain": "beauty-klinik-alster.de",
    "title": "Prof. Dr.",
    "first_name": "",
    "last_name": "Klesper",
    "gender": "",
    "country": "Germany",
    "city": "Hamburg",
    "Address": "Beauty Klinik an der Alster\nMittelweg 18\n20148 Hamburg\nGermany",
    "postcode": "20148",
    "email_ids": [
      "info@beauty-hamburg.de"
    ],
    "phone_numbers": [
      "040 â 41356370",
      "040 â 41355661"
    ]
  },
  {
    "originial_text": "LipoClinic Dr. Heck GmbH, Hamburg\nDr. Falk-Christian Heck",
    "url": "https://www.lipo.clinic/",
    "domain": "lipo.clinic",
    "title": "Dr.",
    "first_name": "Falk-Christian",
    "last_name": "Heck",
    "gender": "Male",
    "country": "Germany",
    "city": "Hamburg",
    "Address": "LipoClinic Dr. Heck GmbH,\nZeppelinstr. 321,\n45470 MÃ¼lheim an der Ruhr,\nDeutschland",
    "postcode": "45470",
    "email_ids": [],
    "phone_numbers": [
      "+49 208 44 47 59-81",
      "+49 208 44 47 59 81"
    ]
  },
  {
    "originial_text": "Klinik Bassum, Plastische u. Ãsthetische Chirurgie\nDr. Ahmed Abdou",
    "url": "https://kliniken-lkd.de/bassum/phc",
    "domain": "kliniken-lkd.de",
    "title": "Dr.",
    "first_name": "Ahmed",
    "last_name": "Abdou",
    "gender": "Male",
    "country": "Germany",
    "city": "Bassum",
    "Address": "Klinik Bassum,\nPlastische u. Ãsthetische Chirurgie,\nMarie-Hackfeld-Str. 6,\n27211 Bassum,\nDeutschland",
    "postcode": "27211",
    "email_ids": [],
    "phone_numbers": [
      "04241 81 - 31410",
      "04241 81 - 35002",
      "04241 81 - 31270",
      "04241 81 - 31270",
      "04241 8131 - 270",
      "05441 972 -100",
      "04241 81 - 0",
      "05441 972 - 0",
      "04271 82 - 0"
    ]
  },
  {
    "originial_text": "Aasee-Park-Clinic, MÃ¼nster\nDr. Wolf LÃ¼erÃen & Privat-Doz. Dr. Kamran Harati",
    "url": "https://aasee-park-clinic.de/lipoedem/",
    "domain": "aasee-park-clinic.de",
    "title": "Dr.",
    "first_name": "Wolf",
    "last_name": "LÃ¼erÃen",
    "gender": "male",
    "country": "Germany",
    "city": "MÃ¼nster",
    "Address": "Aasee-Park-Clinic\nAnnette-Allee 4\n48149 MÃ¼nster",
    "postcode": "48149",
    "email_ids": [],
    "phone_numbers": [
      "0251-2655286"
    ]
  },
  {
    "originial_text": "LIPOCURA, MÃ¼nster\nDr. Dominik von Lukowicz und Kolleg(inn)en",
    "url": "https://lipocura.de/ueber-uns/standort-muenster/",
    "domain": "lipocura.de",
    "title": "Dr.",
    "first_name": "Dominik",
    "last_name": "von Lukowicz",
    "gender": "Male",
    "country": "Germany",
    "city": "MÃ¼nster",
    "Address": "PfisterstraÃe 9, \n80331 MÃ¼nchen, \nGermany",
    "postcode": "80331",
    "email_ids": [],
    "phone_numbers": []
  },
  {
    "originial_text": "LipoKonzeptÂ® MÃ¼nster\nIngo RÃ¶der",
    "url": "https://muenster-lipoedem.de/",
    "domain": "muenster-lipoedem.de",
    "title": "",
    "first_name": "Ingo",
    "last_name": "RÃ¶der",
    "gender": "Male",
    "country": "Germany",
    "city": "MÃ¼nster",
    "Address": "MÃ¼nsterstraÃe 111,\n48155 MÃ¼nster,\nGermany",
    "postcode": "48155",
    "email_ids": [
      "info@muenster-lipoedem.de"
    ],
    "phone_numbers": [
      "02506-3029059"
    ]
  },
  {
    "originial_text": "PrivatÃ¤rztliches Centrum, Bochum\nDr. med. Darius Alamouti & Team",
    "url": "https://www.dariusalamouti.de/lipoedem/",
    "domain": "dariusalamouti.de",
    "title": "Dr. med.",
    "first_name": "Darius",
    "last_name": "Alamouti",
    "gender": "Male",
    "country": "Germany",
    "city": "Bochum",
    "Address": "PrivatÃ¤rztliches Centrum,\nHistorischer Nordbahnhof,\nOstring 15,\n44787 Bochum",
    "postcode": "44787",
    "email_ids": [
      "praxis@darius-alamouti.de"
    ],
    "phone_numbers": [
      "0234 - 911 76 80",
      "0234 - 911 76 822"
    ]
  },
  {
    "originial_text": "LipoClinic Dr. Heck, MÃ¼lheim a.d. Ruhr\nDr. Falk-Christian Heck",
    "url": "https://www.lipo.clinic/",
    "domain": "lipo.clinic",
    "title": "Dr.",
    "first_name": "Falk-Christian",
    "last_name": "Heck",
    "gender": "Male",
    "country": "Germany",
    "city": "MÃ¼lheim a.d. Ruhr",
    "Address": "Zeppelinstr. 321, \n45470 MÃ¼lheim an der Ruhr, \nDeutschland",
    "postcode": "45470",
    "email_ids": [],
    "phone_numbers": [
      "+49 208 44 47 59-81",
      "+49 208 44 47 59 81"
    ]
  },
  {
    "originial_text": "DÃ¼sseldorfer Privatklinik\nDr. Christoph Reis",
    "url": "https://www.duesseldorfer-privatklinik.de/Koerperchirurgie/Fettabsaugung-Duesseldorf/index.html",
    "domain": "duesseldorfer-privatklinik.de",
    "title": "Dr.",
    "first_name": "Christoph",
    "last_name": "Reis",
    "gender": "Male",
    "country": "Germany",
    "city": "DÃ¼sseldorf",
    "Address": "LiesegangstraÃe 13, \n40211 DÃ¼sseldorf, \nGermany",
    "postcode": "40211",
    "email_ids": [
      "kontakt@duesseldorfer-privatklinik.de"
    ],
    "phone_numbers": [
      "0211-3558304",
      "0211-350 666"
    ]
  },
  {
    "originial_text": "Klinik Neuer Stahlhof, DÃ¼sseldorf\nDr. Viola Meinhardt & Kolleg(inn)en",
    "url": "https://klinikneuerstahlhof.de/dr-med-viola-meinhardt",
    "domain": "klinikneuerstahlhof.de",
    "title": "Dr.",
    "first_name": "Viola",
    "last_name": "Meinhardt",
    "gender": "Female",
    "country": "Germany",
    "city": "DÃ¼sseldorf",
    "Address": "Klinik Neuer Stahlhof\nBreite StraÃe 69\n40213 DÃ¼sseldorf",
    "postcode": "40213",
    "email_ids": [
      "info@klinikneuerstahlhof.de"
    ],
    "phone_numbers": [
      "0211 â 860 696 200"
    ]
  },
  {
    "originial_text": "PANAESTHETICS DÃ¼sseldorf und MÃ¶nchengladbach\nDr. Katrin Vossoughi und\nPrivat-Doz. Dr. Panagiotis Theodorou",
    "url": "https://www.panaesthetics.de/behandlung/lipoedem-duesseldorf/",
    "domain": "panaesthetics.de",
    "title": "Dr.",
    "first_name": "Katrin",
    "last_name": "Vossoughi",
    "gender": "Female",
    "country": "Germany",
    "city": "DÃ¼sseldorf",
    "Address": "PANAESTHETICS DÃ¼sseldorf und MÃ¶nchengladbach\nZur alten Exerzierhalle 35a\n40476 DÃ¼sseldorf",
    "postcode": "40476",
    "email_ids": [
      "moenchengladbach@panaesthetics.de"
    ],
    "phone_numbers": [
      "02161 981-2760"
    ]
  },
  {
    "originial_text": "CG LYMPHA Fachklinik fÃ¼r operative Lymphologie\nDr. M. Cornely, Dr. M. Gensior und Kolleg(inn)en, KÃ¶ln",
    "url": "https://www.cg-lympha.de/",
    "domain": "cg-lympha.de",
    "title": "Dr.",
    "first_name": "M.",
    "last_name": "Cornely",
    "gender": "",
    "country": "Germany",
    "city": "KÃ¶ln",
    "Address": "CG LYMPHA Fachklinik fÃ¼r operative Lymphologie\nGereonstraÃe 18-32,\n50670 KÃ¶ln,\nOrdination & Verwaltung im Gereonshaus,\nBachemer Str. 31,\n50931 KÃ¶ln,\nOperative Eingriffe im St. Hildegardis Krankenhaus",
    "postcode": "50670, 50931",
    "email_ids": [
      "post@cg-lympha.de"
    ],
    "phone_numbers": []
  },
  {
    "originial_text": "LIPOhelp KÃ¶ln\nDr. Niclas Broer & Dr. Paul HeidekrÃ¼ger",
    "url": "https://lipohelp.com/",
    "domain": "lipohelp.com",
    "title": "Dr.",
    "first_name": "Niclas",
    "last_name": "Broer",
    "gender": "Male",
    "country": "Germany",
    "city": "KÃ¶ln",
    "Address": "Aachener StraÃe 370, \n50933 KÃ¶ln, \nGermany",
    "postcode": "50933",
    "email_ids": [],
    "phone_numbers": []
  },
  {
    "originial_text": "Klinikum Merheim, Plast. u. Ãsthet. Chirurgie\nProf. Dr. Paul Fuchs und Dr. Viola Meinhardt, KÃ¶ln",
    "url": "https://www.kliniken-koeln.de/Merheim_Plastische_Chirurgie_Startseite.htm",
    "domain": "kliniken-koeln.de",
    "title": "Dr.  Fuchs",
    "first_name": "Paul",
    "last_name": "Fuchs",
    "gender": "Male",
    "country": "Germany",
    "city": "KÃ¶ln",
    "Address": "Klinikum Merheim, \nPlast. u. Ãsthet. Chirurgie,\nKrankenhaus Merheim, \nOstmerheimer Str. 200, \nKÃ¶ln",
    "postcode": "51109",
    "email_ids": [],
    "phone_numbers": []
  },
  {
    "originial_text": "Stadtklinik KÃ¶ln, Dr. M. Ido, Dr. Z. Taufig\nund Fr. A. Mnatsakanyan (MD)",
    "url": "https://www.stadtklinik-koeln.de/lipoedem-therapie-liposuktion/",
    "domain": "stadtklinik-koeln.de",
    "title": "Dr.",
    "first_name": "M.",
    "last_name": "Ido",
    "gender": "Male",
    "country": "Germany",
    "city": "KÃ¶ln",
    "Address": "Stadtklinik KÃ¶ln\nTuriner Str. 2\n50668 KÃ¶ln",
    "postcode": "50668",
    "email_ids": [
      "verwaltung@stadtklinik-koeln.de"
    ],
    "phone_numbers": [
      "0221 912 32 92"
    ]
  },
  {
    "originial_text": "Dreifaltigkeits-Krankenhaus Wesseling\nPlastische Chirurgie Chefarzt: Dr. S. Berendes",
    "url": "https://www.plastische-chirurgie-wesseling.de/unsere-leistungen/lip-und-lymphoedem",
    "domain": "plastische-chirurgie-wesseling.de",
    "title": "Dr.",
    "first_name": "S.",
    "last_name": "Berendes",
    "gender": "",
    "country": "Germany",
    "city": "Wesseling",
    "Address": "Dreifaltigkeits-Krankenhaus Wesseling\nPlastische Chirurgie\nBonner Str. 84\nWesseling, Germany",
    "postcode": "50389",
    "email_ids": [
      "info@katharina-kasper-gruppe.de"
    ],
    "phone_numbers": []
  },
  {
    "originial_text": "Dr. Stefan Rapprich & Dr. Hans Bayer\nBad Soden am Taunus",
    "url": "https://www.hautmedizin-badsoden.de/hautmedizin/lipoedem",
    "domain": "hautmedizin-badsoden.de",
    "title": "Dr.",
    "first_name": "Stefan",
    "last_name": "Rapprich",
    "gender": "Male",
    "country": "Germany",
    "city": "Bad Soden am Taunus",
    "Address": "Kronberger Str. 36a, \n3. Obergeschoss, \n65812 Bad Soden am Taunus",
    "postcode": "65812",
    "email_ids": [
      "aesthetik@hautmedizin-badsoden.de"
    ],
    "phone_numbers": [
      "+49 6196 â 651 55 0",
      "+49 6196 â 651 55 30",
      "+49 6196 â 651 55 40",
      "+49 6196 â 651 55 55",
      "+49 6196 â 651 55 48"
    ]
  },
  {
    "originial_text": "Plastische Chirurgie Frankfurt | Hochtaunus\nFrankfurt am Main und Oberursel",
    "url": "https://plastische-frankfurt.de/",
    "domain": "plastische-frankfurt.de",
    "title": "",
    "first_name": "",
    "last_name": "",
    "gender": "",
    "country": "Germany",
    "city": "Frankfurt am Main",
    "Address": "OberhÃ¶chstadter Str. 8, \n61440 Oberursel, \nFrankfurt am Main, \nHochtaunus, \nGermany",
    "postcode": "61440",
    "email_ids": [
      "info@plastische-frankfurt.de"
    ],
    "phone_numbers": [
      "06171 591 86",
      "069 920 378 78"
    ]
  },
  {
    "originial_text": "BG Unfallklinik Frankfurt am Main gGmbH\nAbteilung fÃ¼r Plastische, Hand- und Rekonstruktive Mikrochirurgie, Prof. Christoph Hirche",
    "url": "https://www.bg-kliniken.de/unfallklinik-frankfurt/fachbereiche/detail/lipoedem/",
    "domain": "bg-kliniken.de",
    "title": "Prof.",
    "first_name": "Christoph",
    "last_name": "Hirche",
    "gender": "Male",
    "country": "Germany",
    "city": "Frankfurt am Main",
    "Address": "BG Unfallklinik Frankfurt am Main gGmbH\nAbteilung fÃ¼r Plastische, Hand- und Rekonstruktive Mikrochirurgie\nFrankfurt am Main",
    "postcode": "60389",
    "email_ids": [],
    "phone_numbers": []
  },
  {
    "originial_text": "Dr. Wasim Sakas, 60313 Frankfurt",
    "url": "https://www.sakas-aesthetics.com/",
    "domain": "sakas-aesthetics.com",
    "title": "Dr.",
    "first_name": "Wasim",
    "last_name": "Sakas",
    "gender": "Male",
    "country": "Germany",
    "city": "Frankfurt",
    "Address": "Opernplatz 14, 1. OG bei Magna Med, \n60313 Frankfurt am Main",
    "postcode": "60313",
    "email_ids": [
      "info@sakas-aesthetics.com"
    ],
    "phone_numbers": [
      "Tel."
    ]
  },
  {
    "originial_text": "NovoLinea Klinik, Frankfurt\nPlast.u.Ãsth. Chirurg Oliver Ruiz",
    "url": "https://novolinea.de/schoenheits-op-koerper/lipoedem-frankfurt/",
    "domain": "novolinea.de",
    "title": "",
    "first_name": "Oliver",
    "last_name": "Ruiz",
    "gender": "Male",
    "country": "Germany",
    "city": "Frankfurt",
    "Address": "NovoLinea Privatklinik\nAm Hauptbahnhof 12\n60329 Frankfurt am Main\nGermany",
    "postcode": "60329",
    "email_ids": [
      "dpo-google@google.com"
    ],
    "phone_numbers": [
      "Telefonisch erreichbar: Montag bis Donnerstag: 8 bis 17 Uhr Freitag: 8 bis 15 Uhr"
    ]
  },
  {
    "originial_text": "Rosenpark Klinik, Darmstadt\nDr. Oliver Weirich und Kolleg(inn)en",
    "url": "https://www.rosenparkklinik.de/behandlungsspektrum/koerperformung/lipoedem/",
    "domain": "rosenparkklinik.de",
    "title": "Dr.",
    "first_name": "Oliver",
    "last_name": "Weirich",
    "gender": "Male",
    "country": "Germany",
    "city": "Darmstadt",
    "Address": "Rosenparkklinik GmbH\nHeidelberger LandstraÃe 18/20\n64297 Darmstadt",
    "postcode": "64297",
    "email_ids": [
      "info@rosenparkklinik.de"
    ],
    "phone_numbers": []
  },
  {
    "originial_text": "Dr. Boris MÃ¼ller, Hautarztpraxis MÃ¼hltal",
    "url": "https://www.hautarztpraxis-muehltal.de/",
    "domain": "hautarztpraxis-muehltal.de",
    "title": "Dr.",
    "first_name": "Boris",
    "last_name": "MÃ¼ller",
    "gender": "Male",
    "country": "Germany",
    "city": "MÃ¼hltal",
    "Address": "EberstÃ¤dter StraÃe 4, \n64367 MÃ¼hltal",
    "postcode": "64367",
    "email_ids": [
      "info@hautarztpraxis-muehltal.de"
    ],
    "phone_numbers": [
      "06151 - 917227"
    ]
  },
  {
    "originial_text": "Nardini Klinikum, ZweibrÃ¼cken\nPlast.u.Ãsth. Chirurgin Anke DÃ¶rr",
    "url": "http://www.ganzheitliche-plastische-chirurgie.de/schwerpunkt-lipoedem/",
    "domain": "ganzheitliche-plastische-chirurgie.de",
    "title": "Dr. / Surgeon",
    "first_name": "Anke",
    "last_name": "DÃ¶rr",
    "gender": "Female",
    "country": "Germany",
    "city": "ZweibrÃ¼cken",
    "Address": "Nardini Klinikum, \nKaiserstraÃe 14,\nZweibrÃ¼cken",
    "postcode": "66482",
    "email_ids": [],
    "phone_numbers": []
  },
  {
    "originial_text": "Heidelberger Klinik fÃ¼r plastische u. kosmetische Chirurgie proaesthetic GmbH, Heidelberg",
    "url": "https://www.proaesthetic.de/behandlung/lipoedem-behandlung/",
    "domain": "proaesthetic.de",
    "title": "",
    "first_name": "",
    "last_name": "",
    "gender": "",
    "country": "Germany",
    "city": "Heidelberg",
    "Address": "Heidelberger Klinik fÃ¼r plastische u. kosmetische Chirurgie proaesthetic GmbH, Heidelberg, Germany",
    "postcode": "69115",
    "email_ids": [
      "j.reinhard@proaesthetic.de"
    ],
    "phone_numbers": []
  },
  {
    "originial_text": "GefÃ¤Ã- und LipÃ¶dem-mediZin Bietigheim am Forst\nPrivat-Doz. Dr. Udo Lorenz, Bietigheim-Bissingen",
    "url": "https://www.glz-bietigheim.surgery/",
    "domain": "glz-bietigheim.surgery",
    "title": "Privat-Doz. Dr.",
    "first_name": "Udo",
    "last_name": "Lorenz",
    "gender": "Male",
    "country": "Germany",
    "city": "Bietigheim-Bissingen",
    "Address": "Hauptstandort Steinheimer Strasse 7\n74321 Bietigheim-Bissingen\nGermany",
    "postcode": "74321",
    "email_ids": [
      "info@glz.onl"
    ],
    "phone_numbers": [
      "07142 513 13"
    ]
  },
  {
    "originial_text": "GefÃ¤Ã- und LipÃ¶dem-mediZin Bietigheim am Forst\nPraxisklinik by GLZ Freiberg am Neckar",
    "url": "https://www.glz-bietigheim.surgery/",
    "domain": "glz-bietigheim.surgery",
    "title": "",
    "first_name": "",
    "last_name": "",
    "gender": "",
    "country": "Germany",
    "city": "Bietigheim am Forst, Freiberg am Neckar",
    "Address": "Hauptstandort Steinheimer Strasse 7\n74321 Bietigheim-Bissingen\nGermany",
    "postcode": "74321",
    "email_ids": [
      "info@glz.onl"
    ],
    "phone_numbers": [
      "07142 513 13"
    ]
  },
  {
    "originial_text": "Schlosspark Klinik Ludwigsburg\nProf. Dr. Philip H. Zeplin & Kollegen",
    "url": "https://www.schlosspark-klinik.com/lipoedembehandlung-stuttgart",
    "domain": "schlosspark-klinik.com",
    "title": "Prof. Dr.",
    "first_name": "Philip",
    "last_name": "Zeplin",
    "gender": "Male",
    "country": "Germany",
    "city": "Ludwigsburg",
    "Address": "Schlosspark Klinik Ludwigsburg\nStuttgarter Str. 35\n71638 Ludwigsburg",
    "postcode": "71638",
    "email_ids": [],
    "phone_numbers": [
      "07141 / 920 677",
      "07141-920678"
    ]
  },
  {
    "originial_text": "Dr. Christoph Zimmermann, Stuttgart",
    "url": "https://plastischechirurgie-zimmermann.de/lipoedem-sindelfingen/",
    "domain": "plastischechirurgie-zimmermann.de",
    "title": "Dr.",
    "first_name": "Christoph",
    "last_name": "Zimmermann",
    "gender": "Male",
    "country": "Germany",
    "city": "Stuttgart",
    "Address": "RegerstraÃe 1, 2. OG\n70195 Stuttgart\nGermany",
    "postcode": "70195",
    "email_ids": [],
    "phone_numbers": [
      "Tel.: "
    ]
  },
  {
    "originial_text": "Dr. Thomas Schulz, Rottweil",
    "url": "https://www.lipoedem-schwarzwald.de/",
    "domain": "lipoedem-schwarzwald.de",
    "title": "Dr.",
    "first_name": "Thomas",
    "last_name": "Schulz",
    "gender": "Male",
    "country": "Germany",
    "city": "Rottweil",
    "Address": "KÃ¶nigstraÃe 25, \n78628 Rottweil",
    "postcode": "78628",
    "email_ids": [
      "invisis@doktorschulz.com"
    ],
    "phone_numbers": [
      "0741 1744355",
      "0741 1 74 43 55"
    ]
  },
  {
    "originial_text": "Hanseklinik LÃ¼beck Fachklinik fÃ¼r Liposuktion\nProf. Wilfried Schmeller und Kolleg(inn)en",
    "url": "http://www.hanse-klinik.de/de/",
    "domain": "hanse-klinik.de",
    "title": "Prof.",
    "first_name": "Wilfried",
    "last_name": "Schmeller",
    "gender": "Male",
    "country": "Germany",
    "city": "LÃ¼beck",
    "Address": "Hanseklinik LÃ¼beck Fachklinik fÃ¼r Liposuktion\nSt.-JÃ¼rgen-Ring 66\n23564 LÃ¼beck",
    "postcode": "23564",
    "email_ids": [
      "info@hanse-klinik.com"
    ],
    "phone_numbers": [
      "0049 - 451 - 50 27 219"
    ]
  },
  {
    "originial_text": "LipÃ¶demzentrum-Hannover, Dr. Reba",
    "url": "https://www.lipoedemzentrum-hannover.de/",
    "domain": "lipoedemzentrum-hannover.de",
    "title": "Dr.",
    "first_name": "",
    "last_name": "Reba",
    "gender": "",
    "country": "Germany",
    "city": "Hannover",
    "Address": "LipÃ¶demzentrum-Hannover\nGeorgstraÃe 36\n30159 Hannover",
    "postcode": "30159",
    "email_ids": [
      "hosting@jweiland.net"
    ],
    "phone_numbers": [
      "450 30 12",
      "450 30 14"
    ]
  },
  {
    "originial_text": "HautÃ¤rzte Braunschweig am Altstadtmarkt\nDr. Herms Wittstock & Kolleg(inn)en",
    "url": "https://www.hautaerzte-bs.de/fettabsaugung/",
    "domain": "hautaerzte-bs.de",
    "title": "Dr.",
    "first_name": "Herms",
    "last_name": "Wittstock",
    "gender": "Male",
    "country": "Germany",
    "city": "Braunschweig",
    "Address": "Altstadtmarkt 13-14, \n38100 Braunschweig",
    "postcode": "38100",
    "email_ids": [],
    "phone_numbers": [
      "0531 / 123 805 16"
    ]
  },
  {
    "originial_text": "Klinikum Magdeburg, Klinik fÃ¼r Plastische,\nÃsthetische und Handchirurgie,\nChefarzt Dr. Bchar Ibrahim",
    "url": "https://www.klinikum-magdeburg.de/abteilungen/fachbereiche/plastische-aesthetische-und-handchirurgie/",
    "domain": "klinikum-magdeburg.de",
    "title": "Dr.",
    "first_name": "Bchar",
    "last_name": "Ibrahim",
    "gender": "Male",
    "country": "Germany",
    "city": "Magdeburg",
    "Address": "KLINIKUM MAGDEBURG, \nKlinik fÃ¼r Plastische, Ãsthetische und Handchirurgie,\nBirkenallee 34,\n39130 Magdeburg",
    "postcode": "39130",
    "email_ids": [
      "info@klinikum-magdeburg.de"
    ],
    "phone_numbers": [
      "0391 791â0",
      "0391 791â2165"
    ]
  },
  {
    "originial_text": "med-plast Klinik\nFachklinik fÃ¼r LipÃ¶demoperationen\nDr. med. Frank Labschies und Kolleg(inn)en",
    "url": "https://www.med-plast.de/",
    "domain": "med-plast.de",
    "title": "Dr. med.",
    "first_name": "Frank",
    "last_name": "Labschies",
    "gender": "Male",
    "country": "Germany",
    "city": "Berlin",
    "Address": "med-plast Klinik\nFachklinik fÃ¼r LipÃ¶demoperationen\nBayreuther Str. 36\n10789 Berlin\nDeutschland",
    "postcode": "10789",
    "email_ids": [
      "info@med-plast.de"
    ],
    "phone_numbers": []
  },
  {
    "originial_text": "LIPOhelp Berlin\nDr. Niclas Broer & Dr. Paul HeidekrÃ¼ger",
    "url": "https://lipohelp.com/",
    "domain": "lipohelp.com",
    "title": "Dr.",
    "first_name": "Niclas",
    "last_name": "Broer",
    "gender": "Male",
    "country": "Germany",
    "city": "Berlin",
    "Address": "LIPOhelp Berlin\nAachener StraÃe 370\n50933 KÃ¶ln",
    "postcode": "50933",
    "email_ids": [],
    "phone_numbers": []
  },
  {
    "originial_text": "Tauentzien Medical, Berlin\nDr. med. Andreas GrÃ¶ger\nKollegin Fr. Sudabeh Motamedi",
    "url": "https://www.tauentzien-medical.de/plastische-chirurgie/koerper/lipoedem/",
    "domain": "tauentzien-medical.de",
    "title": "Dr. med.",
    "first_name": "Andreas",
    "last_name": "GrÃ¶ger",
    "gender": "Male",
    "country": "Germany",
    "city": "Berlin",
    "Address": "Tauentzien Medical\nTauentzienstraÃe 3\n10789 Berlin\nGermany",
    "postcode": "10789",
    "email_ids": [
      "info@tauentzien-medical.de"
    ],
    "phone_numbers": [
      "+49 30 21 47 82 63"
    ]
  },
  {
    "originial_text": "Klinikum Ernst von Bergmann, Klinik f. Plast., Ãsthet. u. Rekonstr. Mikrochirurgie/Handchirurgie\nPotsdam, Chefarzt PD Dr. Mojtaba Ghods",
    "url": "https://www.evb-gesundheit.de/klinikumevb/plastische-aesthetische-und-rekonstruktive-mikrochirurgie-handchirurgie/lipoedem",
    "domain": "evb-gesundheit.de",
    "title": "PD Dr.",
    "first_name": "Mojtaba",
    "last_name": "Ghods",
    "gender": "Male",
    "country": "Germany",
    "city": "Potsdam",
    "Address": "Klinikum Ernst von Bergmann\nKlinik f. Plast., Ãsthet. u. Rekonstr. Mikrochirurgie/Handchirurgie\nPotsdam",
    "postcode": "14467",
    "email_ids": [
      "anika.pantke@klinikumevb.de"
    ],
    "phone_numbers": [
      "0331 241-37802",
      "0331 241-37800",
      "0331 241-37772"
    ]
  },
  {
    "originial_text": "UniversitÃ¤tsklinikum Brandenburg a.d.Havel\nAbt. fÃ¼r Plastische und Ãsthetische Chirurgie\nDr. med. Minh Tung Cao",
    "url": "https://www.uk-brandenburg.de/fachbereiche/spezielle-bereiche/plastische-und-aesthetische-chirurgie/leistungsspektrum",
    "domain": "uk-brandenburg.de",
    "title": "Dr. med.",
    "first_name": "Minh Tung",
    "last_name": "Cao",
    "gender": "Male",
    "country": "Germany",
    "city": "Brandenburg a.d.Havel",
    "Address": "UniversitÃ¤tsklinikum Brandenburg a.d.Havel\nAbt. fÃ¼r Plastische und Ãsthetische Chirurgie\nHochstrasse 29\nBrandenburg / Havel",
    "postcode": "14770",
    "email_ids": [
      "minh-tung.cao@klinikum-brandenburg.de"
    ],
    "phone_numbers": []
  },
  {
    "originial_text": "Klinik Ernst von Bergmann Bad Belzig gGmbH Plastische Ãsthetische und Rekonstruktive Mikro- chirurgie / Handchirurgie, LipÃ¶dem- & LymphÃ¶dem- Zentrum, Chefarzt PD Dr. Mojtaba Ghods",
    "url": "https://www.evb-gesundheit.de/klinikevb/plastische-aesthetische-und-rekonstruktive-chirurgie",
    "domain": "evb-gesundheit.de",
    "title": "PD Dr.",
    "first_name": "Mojtaba",
    "last_name": "Ghods",
    "gender": "Male",
    "country": "Germany",
    "city": "Bad Belzig",
    "Address": "Klinik Ernst von Bergmann Bad Belzig gGmbH\nPlastische Ãsthetische und Rekonstruktive Mikrochirurgie / Handchirurgie, LipÃ¶dem- & LymphÃ¶dem- Zentrum\nStation B, Ebene 4",
    "postcode": "14806",
    "email_ids": [
      "anja.hoepke2@klinikevb.de"
    ],
    "phone_numbers": [
      "033841 93-450",
      "033841 93-460",
      "033841 93-234"
    ]
  },
  {
    "originial_text": "HELIOS BÃ¶rdeklinik, Klinik fÃ¼r Plastische,\nÃsthetische und Handchirurgie, Oschersleben\nChefarzt Dr. Hans-Georg Damert",
    "url": "https://www.helios-gesundheit.de/standorte-angebote/kliniken/oschersleben/fachbereiche/plastische-aesthetische-chirurgie/",
    "domain": "helios-gesundheit.de",
    "title": "Dr.",
    "first_name": "Hans-Georg",
    "last_name": "Damert",
    "gender": "Male",
    "country": "Germany",
    "city": "Oschersleben",
    "Address": "HELIOS BÃ¶rdeklinik, \nKlinik fÃ¼r Plastische, Ãsthetische und Handchirurgie, \nKreiskrankenhaus 4, \n39387 Oschersleben",
    "postcode": "39387",
    "email_ids": [],
    "phone_numbers": [
      "935 210",
      "935 280",
      "935 445",
      "935-202",
      "0800 6334946"
    ]
  },
  {
    "originial_text": "Michel Aesthetics, Leipzig\nDr. Sebastian Michel",
    "url": "https://michel-aesthetics.de/lipoedem-behandlung/",
    "domain": "michel-aesthetics.de",
    "title": "Dr.",
    "first_name": "Sebastian",
    "last_name": "Michel",
    "gender": "Male",
    "country": "Germany",
    "city": "Leipzig",
    "Address": "Michel Aesthetics\nKÃ¤the-Kollwitz-StraÃe 64\n04109 Leipzig",
    "postcode": "04109",
    "email_ids": [
      "michel.aesthetics@gmail.com",
      "michel-aesthetics@gmail.com",
      "info@amwajpolyclinic.com"
    ],
    "phone_numbers": [
      "+49 17683125688",
      "+49 172 6018513",
      "+971 4 422 1331",
      "+971 50 557 5780"
    ]
  },
  {
    "originial_text": "elb aesthetic, Dr. Alexander Florek, Dresden",
    "url": "https://elb-aesthetic.de/ueber-uns/dr-med-alexander-florek.html",
    "domain": "elb-aesthetic.de",
    "title": "Dr.",
    "first_name": "Alexander",
    "last_name": "Florek",
    "gender": "Male",
    "country": "Germany",
    "city": "Dresden",
    "Address": "SchloÃstraÃe 14, \n01067 Dresden",
    "postcode": "01067",
    "email_ids": [],
    "phone_numbers": []
  },
  {
    "originial_text": "PassinAesthetik - Plastische Chirurgie am Schillerplatz, Dr. Stefan Passin, Dresden",
    "url": "https://www.passin-aesthetik.de/lipoedem-behandlung-dresden/",
    "domain": "passin-aesthetik.de",
    "title": "Dr.",
    "first_name": "Stefan",
    "last_name": "Passin",
    "gender": "Male",
    "country": "Germany",
    "city": "Dresden",
    "Address": "PassinAesthetik - Plastische Chirurgie am Schillerplatz, \nDresden",
    "postcode": "01309",
    "email_ids": [
      "info@passin-aesthetik.de"
    ],
    "phone_numbers": [
      "0351 3103 962"
    ]
  },
  {
    "originial_text": "Schwerpunktpraxis LipÃ¶dem\nSchwarzenbach am Wald, Dr. Josef Stutz",
    "url": "http://www.stutz-dr.com/",
    "domain": "stutz-dr.com",
    "title": "Dr.",
    "first_name": "Josef",
    "last_name": "Stutz",
    "gender": "Male",
    "country": "Germany",
    "city": "Schwarzenbach am Wald",
    "Address": "Schwerpunktpraxis LipÃ¶dem\nThiemitztalstraÃe 3/6\n95131 Schwarzenbach am Wald\nGermany",
    "postcode": "95131",
    "email_ids": [],
    "phone_numbers": [
      "09289 / 970 800",
      "09289 / 970 801"
    ]
  },
  {
    "originial_text": "LipÃ¶dem-Zentrum-Mittelhessen, GieÃen\nAgaplesion Ev. Krankenhaus Mittelhessen\nDr. med. Torsten SchloÃhaueer",
    "url": "https://www.ekm-gi.de/leistungsspektrum/fachabteilungen/klinik-fuer-plastische-aesthetische-rekonstruktive-und-handchirurgie",
    "domain": "ekm-gi.de",
    "title": "Dr. med.",
    "first_name": "Torsten",
    "last_name": "SchloÃhaueer",
    "gender": "Male",
    "country": "Germany",
    "city": "GieÃen",
    "Address": "AGAPLESION EVANGELISCHES KRANKENHAUS MITTELHESSEN\nPaul-Zipp-StraÃe 171\nLipÃ¶dem-Zentrum-Mittelhessen, \nGieÃen",
    "postcode": "35398",
    "email_ids": [],
    "phone_numbers": [
      "96 06 - 389",
      "T 96 06 - 0",
      "F 66 922"
    ]
  },
  {
    "originial_text": "Dr. Andreas Grimm Plastische und Ãsthetische Chirurgie, NÃ¼rnberg und Erlangen",
    "url": "http://www.grimm-aesthetik.de/portfolio/lipoedem-therapie-erlangen/",
    "domain": "grimm-aesthetik.de",
    "title": "Dr.",
    "first_name": "Andreas",
    "last_name": "Grimm",
    "gender": "Male",
    "country": "Germany",
    "city": "NÃ¼rnberg and Erlangen",
    "Address": "LuitpoldstraÃe 76b, \n91052 Erlangen",
    "postcode": "91052",
    "email_ids": [
      "info@grimm-aesthetik.de"
    ],
    "phone_numbers": [
      "+49 9131 / 92 653 25",
      "+49 9131 / 92 653 50"
    ]
  },
  {
    "originial_text": "ADEPOS Fachklinik fÃ¼r LipÃ¶demchirurgie, Adipositasmedizin, Regenerative Medizin und Lymphologie",
    "url": "https://www.adepos.de/",
    "domain": "adepos.de",
    "title": "",
    "first_name": "",
    "last_name": "",
    "gender": "",
    "country": "",
    "city": "",
    "Address": "ADEPOS Fachklinik fÃ¼r LipÃ¶demchirurgie, Adipositasmedizin, Regenerative Medizin und Lymphologie\n\nAdditional address information required for a comprehensive postal address.",
    "postcode": "",
    "email_ids": [],
    "phone_numbers": []
  },
  {
    "originial_text": "LIPOCURA MÃ¼nchen\nDr. Dominik von Lukowicz und Kolle(inn)gen",
    "url": "https://lipocura.de/",
    "domain": "lipocura.de",
    "title": "Dr.",
    "first_name": "Dominik",
    "last_name": "von Lukowicz",
    "gender": "Male",
    "country": "Germany",
    "city": "MÃ¼nchen",
    "Address": "Eterno, \nBockenheimer Landstr. 33-35/5. OG,\n60325 Frankfurt am Main",
    "postcode": "60325",
    "email_ids": [
      "stuttgart@lipocura.de"
    ],
    "phone_numbers": []
  },
  {
    "originial_text": "Privates Institut fÃ¼r Venenchirurgie, MÃ¼nchen\nDr. Florian Netzer",
    "url": "https://www.venenfrei.com/venen-erkrankungen/lipoedem-muenchen/",
    "domain": "venenfrei.com",
    "title": "Dr.",
    "first_name": "Florian",
    "last_name": "Netzer",
    "gender": "Male",
    "country": "Germany",
    "city": "MÃ¼nchen",
    "Address": "Privates Institut fÃ¼r Venenchirurgie\nHerzogstraÃe 58\n80803 MÃ¼nchen\nDeutschland",
    "postcode": "80803",
    "email_ids": [
      "institut@venenfrei.com"
    ],
    "phone_numbers": [
      "+49 89 24 24 34 38",
      "+49 8924243438"
    ]
  },
  {
    "originial_text": "LipÃ¶dem-Zentrum MÃ¼nchen\nProf. Dr. Kovacs und Kolleginnen",
    "url": "https://lipoedem-zentrum-muenchen.de/",
    "domain": "lipoedem-zentrum-muenchen.de",
    "title": "Prof. Dr.",
    "first_name": "",
    "last_name": "Kovacs",
    "gender": "",
    "country": "Germany",
    "city": "MÃ¼nchen",
    "Address": "Privatpraxis LipÃ¶dem Zentrum MÃ¼nchen,\nArabella-Hochhaus / 1. Stock,\nPraxis â 112,\nArabellastr. 5",
    "postcode": "81925",
    "email_ids": [
      "info@lipoedem-zentrum-muenchen.de"
    ],
    "phone_numbers": []
  },
  {
    "originial_text": "LipoZentrum Dr. Heck, Salzburg\nDr. Falk-Christian Heck & Kolleg(inn)en",
    "url": "https://www.lipo-clinic.at/de/",
    "domain": "lipo-clinic.at",
    "title": "Dr.",
    "first_name": "Falk-Christian",
    "last_name": "Heck",
    "gender": "Male",
    "country": "Austria",
    "city": "Salzburg",
    "Address": "LipoZentrum Dr. Heck,\nInnsbrucker BundesstraÃe 79B,\nSalzburg",
    "postcode": "5020",
    "email_ids": [],
    "phone_numbers": []
  },
  {
    "originial_text": "LIPOhelp MÃ¼nchen und Salzburg\nDr. Niclas Broer & Dr. Paul HeidekrÃ¼ger",
    "url": "https://lipohelp.com/",
    "domain": "lipohelp.com",
    "title": "Dr.",
    "first_name": "Niclas",
    "last_name": "Broer",
    "gender": "Male",
    "country": "Germany",
    "city": "MÃ¼nchen",
    "Address": "Aachener StraÃe 370, \n50933 KÃ¶ln",
    "postcode": "50933",
    "email_ids": [],
    "phone_numbers": []
  },
  {
    "originial_text": "Pantea âZentrum fÃ¼r LipÃ¶dem-Chirurgie\nsowie plastische & Ã¤sthetische Chirurgie\nDr. Anna-Theresa Lipp & Kolleg(inn)en, MÃ¼nchen",
    "url": "https://pantea-health.de/lipoedem-behandlung-muenchen/",
    "domain": "pantea-health.de",
    "title": "Dr.",
    "first_name": "Anna-Theresa",
    "last_name": "Lipp",
    "gender": "Female",
    "country": "Germany",
    "city": "MÃ¼nchen",
    "Address": "Pantea âZentrum fÃ¼r LipÃ¶dem-Chirurgie\nsowie plastische & Ã¤sthetische Chirurgie\nRindermarkt 16\nMÃ¼nchen",
    "postcode": "80331",
    "email_ids": [],
    "phone_numbers": []
  },
  {
    "originial_text": "THERESIUM MÃ¼nchen\nDr. KlÃ¶ppel & Kolleg(inn)en",
    "url": "https://www.theresium.com/lipoedem-muenchen.html",
    "domain": "theresium.com",
    "title": "Dr.",
    "first_name": "",
    "last_name": "KlÃ¶ppel",
    "gender": "",
    "country": "Germany",
    "city": "MÃ¼nchen",
    "Address": "Theresium MÃ¼nchen\nTheresienhÃ¶he 30 D\n80339 MÃ¼nchen",
    "postcode": "80339",
    "email_ids": [
      "info@company.com"
    ],
    "phone_numbers": [
      "+49 89 - 790 70 780"
    ]
  },
  {
    "originial_text": "Aestheticum TÃ¼bingen\nPrivatklinik fÃ¼r plastische und Ã¤sthetische Medizin",
    "url": "https://aestheticum-tuebingen.de/behandlungen/koerper/lipoedem-op/",
    "domain": "aestheticum-tuebingen.de",
    "title": "",
    "first_name": "",
    "last_name": "",
    "gender": "",
    "country": "Germany",
    "city": "TÃ¼bingen",
    "Address": "Aestheticum TÃ¼bingen\nPrivatklinik fÃ¼r plastische und Ã¤sthetische Medizin\nBismarckstraÃe 96\n72072 TÃ¼bingen\nGermany",
    "postcode": "72072",
    "email_ids": [
      "info@aestheticum-tuebingen.de"
    ],
    "phone_numbers": []
  }
]