full_text,url,domain,title,first_name,last_name,gender,country,city,Address,postcode,email_ids,phone_numbers
"LipÃ¶dem Klinik an der Alster, Hamburg
Prof. Dr. Dr. Klesper",https://xn--lipdem-yxa.hamburg/,xn--lipdem-yxa.hamburg,Prof. Dr. Dr.,Klesper,,,Germany,Hamburg,"LipÃ¶dem Klinik an der Alster,
Mittelweg 18,
20148 Hamburg",20148,info@lipoedemklinikhamburg.de,040 41622819
"Klinik an der Alster, Hamburg
Prof. Dr. Dr. Klesper",https://www.beauty-klinik-alster.de/,beauty-klinik-alster.de,Prof. Dr. Dr.,,Klesper,,Germany,Hamburg,"Beauty Klinik an der Alster
Mittelweg 18
20148 Hamburg
Germany",20148,info@beauty-hamburg.de,"040 â 41356370, 040 â 41355661"
"LipoClinic Dr. Heck GmbH, Hamburg
Dr. Falk-Christian Heck",https://www.lipo.clinic/,lipo.clinic,Dr.,Falk-Christian,Heck,Male,Germany,Hamburg,"LipoClinic Dr. Heck GmbH,
Zeppelinstr. 321,
45470 MÃ¼lheim an der Ruhr,
Deutschland",45470,,"+49 208 44 47 59-81, +49 208 44 47 59 81"
"Klinik Bassum, Plastische u. Ãsthetische Chirurgie
Dr. Ahmed Abdou",https://kliniken-lkd.de/bassum/phc,kliniken-lkd.de,Dr.,Ahmed,Abdou,Male,Germany,Bassum,"Klinik Bassum,
Plastische u. Ãsthetische Chirurgie,
Marie-Hackfeld-Str. 6,
27211 Bassum,
Deutschland",27211,,"04241 81 - 31410, 04241 81 - 35002, 04241 81 - 31270, 04241 81 - 31270, 04241 8131 - 270, 05441 972 -100, 04241 81 - 0, 05441 972 - 0, 04271 82 - 0"
"Aasee-Park-Clinic, MÃ¼nster
Dr. Wolf LÃ¼erÃen & Privat-Doz. Dr. Kamran Harati",https://aasee-park-clinic.de/lipoedem/,aasee-park-clinic.de,Dr.,Wolf,LÃ¼erÃen,male,Germany,MÃ¼nster,"Aasee-Park-Clinic
Annette-Allee 4
48149 MÃ¼nster",48149,,0251-2655286
"LIPOCURA, MÃ¼nster
Dr. Dominik von Lukowicz und Kolleg(inn)en",https://lipocura.de/ueber-uns/standort-muenster/,lipocura.de,Dr.,Dominik,von Lukowicz,Male,Germany,MÃ¼nster,"PfisterstraÃe 9, 
80331 MÃ¼nchen, 
Germany",80331,,
"LipoKonzeptÂ® MÃ¼nster
Ingo RÃ¶der",https://muenster-lipoedem.de/,muenster-lipoedem.de,,Ingo,RÃ¶der,Male,Germany,MÃ¼nster,"MÃ¼nsterstraÃe 111,
48155 MÃ¼nster,
Germany",48155,info@muenster-lipoedem.de,02506-3029059
"PrivatÃ¤rztliches Centrum, Bochum
Dr. med. Darius Alamouti & Team",https://www.dariusalamouti.de/lipoedem/,dariusalamouti.de,Dr. med.,Darius,Alamouti,Male,Germany,Bochum,"PrivatÃ¤rztliches Centrum,
Historischer Nordbahnhof,
Ostring 15,
44787 Bochum",44787,praxis@darius-alamouti.de,"0234 - 911 76 80, 0234 - 911 76 822"
"LipoClinic Dr. Heck, MÃ¼lheim a.d. Ruhr
Dr. Falk-Christian Heck",https://www.lipo.clinic/,lipo.clinic,Dr.,Falk-Christian,Heck,Male,Germany,MÃ¼lheim a.d. Ruhr,"Zeppelinstr. 321, 
45470 MÃ¼lheim an der Ruhr, 
Deutschland",45470,,"+49 208 44 47 59-81, +49 208 44 47 59 81"
"DÃ¼sseldorfer Privatklinik
Dr. Christoph Reis",https://www.duesseldorfer-privatklinik.de/Koerperchirurgie/Fettabsaugung-Duesseldorf/index.html,duesseldorfer-privatklinik.de,Dr.,Christoph,Reis,Male,Germany,DÃ¼sseldorf,"LiesegangstraÃe 13, 
40211 DÃ¼sseldorf, 
Germany",40211,kontakt@duesseldorfer-privatklinik.de,"0211-3558304, 0211-350 666"
"Klinik Neuer Stahlhof, DÃ¼sseldorf
Dr. Viola Meinhardt & Kolleg(inn)en",https://klinikneuerstahlhof.de/dr-med-viola-meinhardt,klinikneuerstahlhof.de,Dr.,Viola,Meinhardt,Female,Germany,DÃ¼sseldorf,"Klinik Neuer Stahlhof
Breite StraÃe 69
40213 DÃ¼sseldorf",40213,info@klinikneuerstahlhof.de,0211 â 860 696 200
"PANAESTHETICS DÃ¼sseldorf und MÃ¶nchengladbach
Dr. Katrin Vossoughi und
Privat-Doz. Dr. Panagiotis Theodorou",https://www.panaesthetics.de/behandlung/lipoedem-duesseldorf/,panaesthetics.de,Dr.,Katrin,Vossoughi,Female,Germany,DÃ¼sseldorf,"PANAESTHETICS DÃ¼sseldorf und MÃ¶nchengladbach
Zur alten Exerzierhalle 35a
40476 DÃ¼sseldorf",40476,moenchengladbach@panaesthetics.de,02161 981-2760
"CG LYMPHA Fachklinik fÃ¼r operative Lymphologie
Dr. M. Cornely, Dr. M. Gensior und Kolleg(inn)en, KÃ¶ln",https://www.cg-lympha.de/,cg-lympha.de,Dr.,M.,Cornely,,Germany,KÃ¶ln,"CG LYMPHA Fachklinik fÃ¼r operative Lymphologie
GereonstraÃe 18-32,
50670 KÃ¶ln,
Ordination & Verwaltung im Gereonshaus,
Bachemer Str. 31,
50931 KÃ¶ln,
Operative Eingriffe im St. Hildegardis Krankenhaus","50670, 50931",post@cg-lympha.de,
"LIPOhelp KÃ¶ln
Dr. Niclas Broer & Dr. Paul HeidekrÃ¼ger",https://lipohelp.com/,lipohelp.com,Dr.,Niclas,Broer,Male,Germany,KÃ¶ln,"Aachener StraÃe 370, 
50933 KÃ¶ln, 
Germany",50933,,
"Klinikum Merheim, Plast. u. Ãsthet. Chirurgie
Prof. Dr. Paul Fuchs und Dr. Viola Meinhardt, KÃ¶ln",https://www.kliniken-koeln.de/Merheim_Plastische_Chirurgie_Startseite.htm,kliniken-koeln.de,Dr.  Fuchs,Paul,Fuchs,Male,Germany,KÃ¶ln,"Klinikum Merheim, 
Plast. u. Ãsthet. Chirurgie,
Krankenhaus Merheim, 
Ostmerheimer Str. 200, 
KÃ¶ln",51109,,
"Stadtklinik KÃ¶ln, Dr. M. Ido, Dr. Z. Taufig
und Fr. A. Mnatsakanyan (MD)",https://www.stadtklinik-koeln.de/lipoedem-therapie-liposuktion/,stadtklinik-koeln.de,Dr.,M.,Ido,Male,Germany,KÃ¶ln,"Stadtklinik KÃ¶ln
Turiner Str. 2
50668 KÃ¶ln",50668,verwaltung@stadtklinik-koeln.de,0221 912 32 92
"Dreifaltigkeits-Krankenhaus Wesseling
Plastische Chirurgie Chefarzt: Dr. S. Berendes",https://www.plastische-chirurgie-wesseling.de/unsere-leistungen/lip-und-lymphoedem,plastische-chirurgie-wesseling.de,Dr.,S.,Berendes,,Germany,Wesseling,"Dreifaltigkeits-Krankenhaus Wesseling
Plastische Chirurgie
Bonner Str. 84
Wesseling, Germany",50389,info@katharina-kasper-gruppe.de,
"Dr. Stefan Rapprich & Dr. Hans Bayer
Bad Soden am Taunus",https://www.hautmedizin-badsoden.de/hautmedizin/lipoedem,hautmedizin-badsoden.de,Dr.,Stefan,Rapprich,Male,Germany,Bad Soden am Taunus,"Kronberger Str. 36a, 
3. Obergeschoss, 
65812 Bad Soden am Taunus",65812,aesthetik@hautmedizin-badsoden.de,"+49 6196 â 651 55 0, +49 6196 â 651 55 30, +49 6196 â 651 55 40, +49 6196 â 651 55 55, +49 6196 â 651 55 48"
"Plastische Chirurgie Frankfurt | Hochtaunus
Frankfurt am Main und Oberursel",https://plastische-frankfurt.de/,plastische-frankfurt.de,,,,,Germany,Frankfurt am Main,"OberhÃ¶chstadter Str. 8, 
61440 Oberursel, 
Frankfurt am Main, 
Hochtaunus, 
Germany",61440,info@plastische-frankfurt.de,"06171 591 86, 069 920 378 78"
"BG Unfallklinik Frankfurt am Main gGmbH
Abteilung fÃ¼r Plastische, Hand- und Rekonstruktive Mikrochirurgie, Prof. Christoph Hirche",https://www.bg-kliniken.de/unfallklinik-frankfurt/fachbereiche/detail/lipoedem/,bg-kliniken.de,Prof.,Christoph,Hirche,Male,Germany,Frankfurt am Main,"BG Unfallklinik Frankfurt am Main gGmbH
Abteilung fÃ¼r Plastische, Hand- und Rekonstruktive Mikrochirurgie
Frankfurt am Main",60389,,
"Dr. Wasim Sakas, 60313 Frankfurt",https://www.sakas-aesthetics.com/,sakas-aesthetics.com,Dr.,Wasim,Sakas,Male,Germany,Frankfurt,"Opernplatz 14, 1. OG bei Magna Med, 
60313 Frankfurt am Main",60313,info@sakas-aesthetics.com,Tel.
"NovoLinea Klinik, Frankfurt
Plast.u.Ãsth. Chirurg Oliver Ruiz",https://novolinea.de/schoenheits-op-koerper/lipoedem-frankfurt/,novolinea.de,,Oliver,Ruiz,Male,Germany,Frankfurt,"NovoLinea Privatklinik
Am Hauptbahnhof 12
60329 Frankfurt am Main
Germany",60329,dpo-google@google.com,Telefonisch erreichbar: Montag bis Donnerstag: 8 bis 17 Uhr Freitag: 8 bis 15 Uhr
"Rosenpark Klinik, Darmstadt
Dr. Oliver Weirich und Kolleg(inn)en",https://www.rosenparkklinik.de/behandlungsspektrum/koerperformung/lipoedem/,rosenparkklinik.de,Dr.,Oliver,Weirich,Male,Germany,Darmstadt,"Rosenparkklinik GmbH
Heidelberger LandstraÃe 18/20
64297 Darmstadt",64297,info@rosenparkklinik.de,
"Dr. Boris MÃ¼ller, Hautarztpraxis MÃ¼hltal",https://www.hautarztpraxis-muehltal.de/,hautarztpraxis-muehltal.de,Dr.,Boris,MÃ¼ller,Male,Germany,MÃ¼hltal,"EberstÃ¤dter StraÃe 4, 
64367 MÃ¼hltal",64367,info@hautarztpraxis-muehltal.de,06151 - 917227
"Nardini Klinikum, ZweibrÃ¼cken
Plast.u.Ãsth. Chirurgin Anke DÃ¶rr",http://www.ganzheitliche-plastische-chirurgie.de/schwerpunkt-lipoedem/,ganzheitliche-plastische-chirurgie.de,Dr. / Surgeon,Anke,DÃ¶rr,Female,Germany,ZweibrÃ¼cken,"Nardini Klinikum, 
KaiserstraÃe 14,
ZweibrÃ¼cken",66482,,
"Heidelberger Klinik fÃ¼r plastische u. kosmetische Chirurgie proaesthetic GmbH, Heidelberg",https://www.proaesthetic.de/behandlung/lipoedem-behandlung/,proaesthetic.de,,,,,Germany,Heidelberg,"Heidelberger Klinik fÃ¼r plastische u. kosmetische Chirurgie proaesthetic GmbH, Heidelberg, Germany",69115,j.reinhard@proaesthetic.de,
"GefÃ¤Ã- und LipÃ¶dem-mediZin Bietigheim am Forst
Privat-Doz. Dr. Udo Lorenz, Bietigheim-Bissingen",https://www.glz-bietigheim.surgery/,glz-bietigheim.surgery,Privat-Doz. Dr.,Udo,Lorenz,Male,Germany,Bietigheim-Bissingen,"Hauptstandort Steinheimer Strasse 7
74321 Bietigheim-Bissingen
Germany",74321,info@glz.onl,07142 513 13
"GefÃ¤Ã- und LipÃ¶dem-mediZin Bietigheim am Forst
Praxisklinik by GLZ Freiberg am Neckar",https://www.glz-bietigheim.surgery/,glz-bietigheim.surgery,,,,,Germany,"Bietigheim am Forst, Freiberg am Neckar","Hauptstandort Steinheimer Strasse 7
74321 Bietigheim-Bissingen
Germany",74321,info@glz.onl,07142 513 13
"Schlosspark Klinik Ludwigsburg
Prof. Dr. Philip H. Zeplin & Kollegen",https://www.schlosspark-klinik.com/lipoedembehandlung-stuttgart,schlosspark-klinik.com,Prof. Dr.,Philip,Zeplin,Male,Germany,Ludwigsburg,"Schlosspark Klinik Ludwigsburg
Stuttgarter Str. 35
71638 Ludwigsburg",71638,,"07141 / 920 677, 07141-920678"
"Dr. Christoph Zimmermann, Stuttgart",https://plastischechirurgie-zimmermann.de/lipoedem-sindelfingen/,plastischechirurgie-zimmermann.de,Dr.,Christoph,Zimmermann,Male,Germany,Stuttgart,"RegerstraÃe 1, 2. OG
70195 Stuttgart
Germany",70195,,Tel.: 
"Dr. Thomas Schulz, Rottweil",https://www.lipoedem-schwarzwald.de/,lipoedem-schwarzwald.de,Dr.,Thomas,Schulz,Male,Germany,Rottweil,"KÃ¶nigstraÃe 25, 
78628 Rottweil",78628,invisis@doktorschulz.com,"0741 1744355, 0741 1 74 43 55"
"Hanseklinik LÃ¼beck Fachklinik fÃ¼r Liposuktion
Prof. Wilfried Schmeller und Kolleg(inn)en",http://www.hanse-klinik.de/de/,hanse-klinik.de,Prof.,Wilfried,Schmeller,Male,Germany,LÃ¼beck,"Hanseklinik LÃ¼beck Fachklinik fÃ¼r Liposuktion
St.-JÃ¼rgen-Ring 66
23564 LÃ¼beck",23564,info@hanse-klinik.com,0049 - 451 - 50 27 219
"LipÃ¶demzentrum-Hannover, Dr. Reba",https://www.lipoedemzentrum-hannover.de/,lipoedemzentrum-hannover.de,Dr.,,Reba,,Germany,Hannover,"LipÃ¶demzentrum-Hannover
GeorgstraÃe 36
30159 Hannover",30159,hosting@jweiland.net,"450 30 12, 450 30 14"
"HautÃ¤rzte Braunschweig am Altstadtmarkt
Dr. Herms Wittstock & Kolleg(inn)en",https://www.hautaerzte-bs.de/fettabsaugung/,hautaerzte-bs.de,Dr.,Herms,Wittstock,Male,Germany,Braunschweig,"Altstadtmarkt 13-14, 
38100 Braunschweig",38100,,0531 / 123 805 16
"Klinikum Magdeburg, Klinik fÃ¼r Plastische,
Ãsthetische und Handchirurgie,
Chefarzt Dr. Bchar Ibrahim",https://www.klinikum-magdeburg.de/abteilungen/fachbereiche/plastische-aesthetische-und-handchirurgie/,klinikum-magdeburg.de,Dr.,Bchar,Ibrahim,Male,Germany,Magdeburg,"KLINIKUM MAGDEBURG, 
Klinik fÃ¼r Plastische, Ãsthetische und Handchirurgie,
Birkenallee 34,
39130 Magdeburg",39130,info@klinikum-magdeburg.de,"0391 791â0, 0391 791â2165"
"med-plast Klinik
Fachklinik fÃ¼r LipÃ¶demoperationen
Dr. med. Frank Labschies und Kolleg(inn)en",https://www.med-plast.de/,med-plast.de,Dr. med.,Frank,Labschies,Male,Germany,Berlin,"med-plast Klinik
Fachklinik fÃ¼r LipÃ¶demoperationen
Bayreuther Str. 36
10789 Berlin
Deutschland",10789,info@med-plast.de,
"LIPOhelp Berlin
Dr. Niclas Broer & Dr. Paul HeidekrÃ¼ger",https://lipohelp.com/,lipohelp.com,Dr.,Niclas,Broer,Male,Germany,Berlin,"LIPOhelp Berlin
Aachener StraÃe 370
50933 KÃ¶ln",50933,,
"Tauentzien Medical, Berlin
Dr. med. Andreas GrÃ¶ger
Kollegin Fr. Sudabeh Motamedi",https://www.tauentzien-medical.de/plastische-chirurgie/koerper/lipoedem/,tauentzien-medical.de,Dr. med.,Andreas,GrÃ¶ger,Male,Germany,Berlin,"Tauentzien Medical
TauentzienstraÃe 3
10789 Berlin
Germany",10789,info@tauentzien-medical.de,+49 30 21 47 82 63
"Klinikum Ernst von Bergmann, Klinik f. Plast., Ãsthet. u. Rekonstr. Mikrochirurgie/Handchirurgie
Potsdam, Chefarzt PD Dr. Mojtaba Ghods",https://www.evb-gesundheit.de/klinikumevb/plastische-aesthetische-und-rekonstruktive-mikrochirurgie-handchirurgie/lipoedem,evb-gesundheit.de,PD Dr.,Mojtaba,Ghods,Male,Germany,Potsdam,"Klinikum Ernst von Bergmann
Klinik f. Plast., Ãsthet. u. Rekonstr. Mikrochirurgie/Handchirurgie
Potsdam",14467,anika.pantke@klinikumevb.de,"0331 241-37802, 0331 241-37800, 0331 241-37772"
"UniversitÃ¤tsklinikum Brandenburg a.d.Havel
Abt. fÃ¼r Plastische und Ãsthetische Chirurgie
Dr. med. Minh Tung Cao",https://www.uk-brandenburg.de/fachbereiche/spezielle-bereiche/plastische-und-aesthetische-chirurgie/leistungsspektrum,uk-brandenburg.de,Dr. med.,Minh Tung,Cao,Male,Germany,Brandenburg a.d.Havel,"UniversitÃ¤tsklinikum Brandenburg a.d.Havel
Abt. fÃ¼r Plastische und Ãsthetische Chirurgie
Hochstrasse 29
Brandenburg / Havel",14770,minh-tung.cao@klinikum-brandenburg.de,
"Klinik Ernst von Bergmann Bad Belzig gGmbH Plastische Ãsthetische und Rekonstruktive Mikro- chirurgie / Handchirurgie, LipÃ¶dem- & LymphÃ¶dem- Zentrum, Chefarzt PD Dr. Mojtaba Ghods",https://www.evb-gesundheit.de/klinikevb/plastische-aesthetische-und-rekonstruktive-chirurgie,evb-gesundheit.de,PD Dr.,Mojtaba,Ghods,Male,Germany,Bad Belzig,"Klinik Ernst von Bergmann Bad Belzig gGmbH
Plastische Ãsthetische und Rekonstruktive Mikrochirurgie / Handchirurgie, LipÃ¶dem- & LymphÃ¶dem- Zentrum
Station B, Ebene 4",14806,anja.hoepke2@klinikevb.de,"033841 93-450, 033841 93-460, 033841 93-234"
"HELIOS BÃ¶rdeklinik, Klinik fÃ¼r Plastische,
Ãsthetische und Handchirurgie, Oschersleben
Chefarzt Dr. Hans-Georg Damert",https://www.helios-gesundheit.de/standorte-angebote/kliniken/oschersleben/fachbereiche/plastische-aesthetische-chirurgie/,helios-gesundheit.de,Dr.,Hans-Georg,Damert,Male,Germany,Oschersleben,"HELIOS BÃ¶rdeklinik, 
Klinik fÃ¼r Plastische, Ãsthetische und Handchirurgie, 
Kreiskrankenhaus 4, 
39387 Oschersleben",39387,,"935 210, 935 280, 935 445, 935-202, 0800 6334946"
"Michel Aesthetics, Leipzig
Dr. Sebastian Michel",https://michel-aesthetics.de/lipoedem-behandlung/,michel-aesthetics.de,Dr.,Sebastian,Michel,Male,Germany,Leipzig,"Michel Aesthetics
KÃ¤the-Kollwitz-StraÃe 64
04109 Leipzig",04109,"michel.aesthetics@gmail.com, michel-aesthetics@gmail.com, info@amwajpolyclinic.com","+49 17683125688, +49 172 6018513, +971 4 422 1331, +971 50 557 5780"
"elb aesthetic, Dr. Alexander Florek, Dresden",https://elb-aesthetic.de/ueber-uns/dr-med-alexander-florek.html,elb-aesthetic.de,Dr.,Alexander,Florek,Male,Germany,Dresden,"SchloÃstraÃe 14, 
01067 Dresden",01067,,
"PassinAesthetik - Plastische Chirurgie am Schillerplatz, Dr. Stefan Passin, Dresden",https://www.passin-aesthetik.de/lipoedem-behandlung-dresden/,passin-aesthetik.de,Dr.,Stefan,Passin,Male,Germany,Dresden,"PassinAesthetik - Plastische Chirurgie am Schillerplatz, 
Dresden",01309,info@passin-aesthetik.de,0351 3103 962
"Schwerpunktpraxis LipÃ¶dem
Schwarzenbach am Wald, Dr. Josef Stutz",http://www.stutz-dr.com/,stutz-dr.com,Dr.,Josef,Stutz,Male,Germany,Schwarzenbach am Wald,"Schwerpunktpraxis LipÃ¶dem
ThiemitztalstraÃe 3/6
95131 Schwarzenbach am Wald
Germany",95131,,"09289 / 970 800, 09289 / 970 801"
"LipÃ¶dem-Zentrum-Mittelhessen, GieÃen
Agaplesion Ev. Krankenhaus Mittelhessen
Dr. med. Torsten SchloÃhaueer",https://www.ekm-gi.de/leistungsspektrum/fachabteilungen/klinik-fuer-plastische-aesthetische-rekonstruktive-und-handchirurgie,ekm-gi.de,Dr. med.,Torsten,SchloÃhaueer,Male,Germany,GieÃen,"AGAPLESION EVANGELISCHES KRANKENHAUS MITTELHESSEN
Paul-Zipp-StraÃe 171
LipÃ¶dem-Zentrum-Mittelhessen, 
GieÃen",35398,,"96 06 - 389, T 96 06 - 0, F 66 922"
"Dr. Andreas Grimm Plastische und Ãsthetische Chirurgie, NÃ¼rnberg und Erlangen",http://www.grimm-aesthetik.de/portfolio/lipoedem-therapie-erlangen/,grimm-aesthetik.de,Dr.,Andreas,Grimm,Male,Germany,NÃ¼rnberg and Erlangen,"LuitpoldstraÃe 76b, 
91052 Erlangen",91052,info@grimm-aesthetik.de,"+49 9131 / 92 653 25, +49 9131 / 92 653 50"
"ADEPOS Fachklinik fÃ¼r LipÃ¶demchirurgie, Adipositasmedizin, Regenerative Medizin und Lymphologie",https://www.adepos.de/,adepos.de,,,,,,,"ADEPOS Fachklinik fÃ¼r LipÃ¶demchirurgie, Adipositasmedizin, Regenerative Medizin und Lymphologie

Additional address information required for a comprehensive postal address.",,,
"LIPOCURA MÃ¼nchen
Dr. Dominik von Lukowicz und Kolle(inn)gen",https://lipocura.de/,lipocura.de,Dr.,Dominik,von Lukowicz,Male,Germany,MÃ¼nchen,"Eterno, 
Bockenheimer Landstr. 33-35/5. OG,
60325 Frankfurt am Main",60325,stuttgart@lipocura.de,
"Privates Institut fÃ¼r Venenchirurgie, MÃ¼nchen
Dr. Florian Netzer",https://www.venenfrei.com/venen-erkrankungen/lipoedem-muenchen/,venenfrei.com,Dr.,Florian,Netzer,Male,Germany,MÃ¼nchen,"Privates Institut fÃ¼r Venenchirurgie
HerzogstraÃe 58
80803 MÃ¼nchen
Deutschland",80803,institut@venenfrei.com,"+49 89 24 24 34 38, +49 8924243438"
"LipÃ¶dem-Zentrum MÃ¼nchen
Prof. Dr. Kovacs und Kolleginnen",https://lipoedem-zentrum-muenchen.de/,lipoedem-zentrum-muenchen.de,Prof. Dr.,,Kovacs,,Germany,MÃ¼nchen,"Privatpraxis LipÃ¶dem Zentrum MÃ¼nchen,
Arabella-Hochhaus / 1. Stock,
Praxis â 112,
Arabellastr. 5",81925,info@lipoedem-zentrum-muenchen.de,
"LipoZentrum Dr. Heck, Salzburg
Dr. Falk-Christian Heck & Kolleg(inn)en",https://www.lipo-clinic.at/de/,lipo-clinic.at,Dr.,Falk-Christian,Heck,Male,Austria,Salzburg,"LipoZentrum Dr. Heck,
Innsbrucker BundesstraÃe 79B,
Salzburg",5020,,
"LIPOhelp MÃ¼nchen und Salzburg
Dr. Niclas Broer & Dr. Paul HeidekrÃ¼ger",https://lipohelp.com/,lipohelp.com,Dr.,Niclas,Broer,Male,Germany,MÃ¼nchen,"Aachener StraÃe 370, 
50933 KÃ¶ln",50933,,
"Pantea âZentrum fÃ¼r LipÃ¶dem-Chirurgie
sowie plastische & Ã¤sthetische Chirurgie
Dr. Anna-Theresa Lipp & Kolleg(inn)en, MÃ¼nchen",https://pantea-health.de/lipoedem-behandlung-muenchen/,pantea-health.de,Dr.,Anna-Theresa,Lipp,Female,Germany,MÃ¼nchen,"Pantea âZentrum fÃ¼r LipÃ¶dem-Chirurgie
sowie plastische & Ã¤sthetische Chirurgie
Rindermarkt 16
MÃ¼nchen",80331,,
"THERESIUM MÃ¼nchen
Dr. KlÃ¶ppel & Kolleg(inn)en",https://www.theresium.com/lipoedem-muenchen.html,theresium.com,Dr.,,KlÃ¶ppel,,Germany,MÃ¼nchen,"Theresium MÃ¼nchen
TheresienhÃ¶he 30 D
80339 MÃ¼nchen",80339,info@company.com,+49 89 - 790 70 780
"Aestheticum TÃ¼bingen
Privatklinik fÃ¼r plastische und Ã¤sthetische Medizin",https://aestheticum-tuebingen.de/behandlungen/koerper/lipoedem-op/,aestheticum-tuebingen.de,,,,,Germany,TÃ¼bingen,"Aestheticum TÃ¼bingen
Privatklinik fÃ¼r plastische und Ã¤sthetische Medizin
BismarckstraÃe 96
72072 TÃ¼bingen
Germany",72072,info@aestheticum-tuebingen.de,
