User ID,Username,Full Name,Category,Followers,Following,External URL,Biography,Profile URL,Is business,Is private,Is verified,Source profile
550694625,iruna210,Irene Marcelo,,356,1022,,"😺💁🏻‍♀️😺🐱
A3 Pediatria 👶🍼👧
Endocrinología pediátrica 🍭🩸",https://instagram.com/iruna210,False,True,False,https://www.instagram.com/elowenfrostrpg
2215451896,pachi.miranda,pachi,,76,377,,Sushi & Ploma,https://instagram.com/pachi.miranda,False,True,False,https://www.instagram.com/elowenfrostrpg
67058560839,talecraftpodcast,Tale Craft,None,1441,4241,https://linktr.ee/talecraftpodcast,"A barely D&D podcast where the characters have no morals, and no topic is off-limits.. listen using the link below! #talecraftpodcast",https://instagram.com/talecraftpodcast,True,False,False,https://www.instagram.com/elowenfrostrpg
65803626648,aurumbookseries,S. E. Georgiana,,4224,5590,"https://a.co/d/fJM3lsh, https://a.co/d/00lXN9Vl",High Fantasy Book Series for all ages by Author S. E. Georgiana,https://instagram.com/aurumbookseries,False,False,False,https://www.instagram.com/elowenfrostrpg
64400398578,nocsvitani,,,0,27,,,https://instagram.com/nocsvitani,False,True,False,https://www.instagram.com/elowenfrostrpg
3449769750,castillo_schmuck,Kevin Castillo,,183,641,,Be the person you dog thing you are.,https://instagram.com/castillo_schmuck,False,True,False,https://www.instagram.com/elowenfrostrpg
6328736706,prince_berahino,CROWDFUNDING EXPERT/ FUNDRAISER/ EMAIL MARKETING,None,1101,395,"http://www.fiverr.com/prince_berahino, https://www.facebook.com/aderoju.ibrahim.3","#crowdfunding 
#campaignpromotion 
#emailmarketing 
#campaigncreation 
#fundraising 
#backerlist
#crowdfundingmarketing",https://instagram.com/prince_berahino,True,False,False,https://www.instagram.com/elowenfrostrpg
54515276,auditoryfidget,Nicole Rodgers,,144,401,,,https://instagram.com/auditoryfidget,False,False,False,https://www.instagram.com/elowenfrostrpg
20657761980,kate_imogen03,Kate,,136,630,,☼ Aries ☾ Gemini ↑ Sagittarius,https://instagram.com/kate_imogen03,False,True,False,https://www.instagram.com/elowenfrostrpg
55971752644,2_taverns,Two Taverns,,109,55,"https://www.youtube.com/@2taverns, https://www.kickstarter.com/projects/2taverns/peks-peril-a-dandd-adventure-one-shot",TTRPG litRPG publisher. Join us as we delve into the world of Dungeons and Dragons with a unique brand of fun and fury.,https://instagram.com/2_taverns,False,False,False,https://www.instagram.com/elowenfrostrpg
63489926811,punch_rum,Rum Punch,,2160,158,https://www.kickstarter.com/profile/1191763653,Making the comics we wanna read,https://instagram.com/punch_rum,False,False,False,https://www.instagram.com/elowenfrostrpg
66379241273,grappling.hooks,Grappling Hooks,,1229,7529,https://www.patreon.com/GrapplingHooks,"TTRPG and story hooks, scenarios and more. AI free.
Join for free and gain full access!",https://instagram.com/grappling.hooks,False,False,False,https://www.instagram.com/elowenfrostrpg
49088034377,piron_raphael,Pyrrhon d'Élis,,144,1377,,"Je ne suis qu'un serviteur de la vérité
Trésor divin
Homme soja avec les couilles coupée
Dresseur de daronne
Un des 4 cordonniers @thechaussuregang",https://instagram.com/piron_raphael,False,True,False,https://www.instagram.com/elowenfrostrpg
27181121002,xxdeaddrakexx,Drake Freeman,,24,137,,,https://instagram.com/xxdeaddrakexx,False,True,False,https://www.instagram.com/elowenfrostrpg
62988132008,artisticavenue71,Artistry Avenue,,555,2915,,,https://instagram.com/artisticavenue71,False,False,False,https://www.instagram.com/elowenfrostrpg
58224398029,badwolf_forge,Badwolf Forge,None,420,495,http://flowpage.com/badwolfforge,"Unleash Your Wildcraft!
Forging new Creations in the Worlds of Table Top Role Playing Games",https://instagram.com/badwolf_forge,True,False,False,https://www.instagram.com/elowenfrostrpg
7161842688,fra_viga,Francesco Viganò,,268,314,,,https://instagram.com/fra_viga,False,False,False,https://www.instagram.com/elowenfrostrpg
64223296326,tesserark,TESSERARK,,188,1505,"https://patreon.com/TESSERARK, https://linktr.ee/Tesserark, https://ko-fi.com/tesserark","A super computer producing  VTT TABLETOP RPG content!
TOKEN FRAMES VAULT.
More content soon!
NEWS every week! 
Hand drawing and IA as tool.",https://instagram.com/tesserark,False,False,False,https://www.instagram.com/elowenfrostrpg
60535053289,greedygorgonpress,GreedyGorgonPress,,2196,4465,https://www.kickstarter.com/projects/songforthedead/killer-of-giants-a-dnd-5e-adventure?ref=4mvoa2,@greedygorgonpress.  Love #ttrpgs and the ttrpg community | chaotic half-orc barbs rule - change my mind | Shilling #dnd5e Heavy Metal one shots 🎸🎸,https://instagram.com/greedygorgonpress,False,False,False,https://www.instagram.com/elowenfrostrpg
4627868265,clayscence,Vanette Kosman,,7254,2137,https://linktr.ee/Clayscence,"🇺🇾🐶🌿💜 
Freelance digital artist. No AI/NFTS.
Co-founder of @tcgbling MTG Tokens.
Hasbro Gaming, Apogee Ent. 
👇Commissions, shop, websites👇",https://instagram.com/clayscence,False,False,False,https://www.instagram.com/elowenfrostrpg
7757640416,2starlightx,,,0,218,,,https://instagram.com/2starlightx,False,True,False,https://www.instagram.com/elowenfrostrpg
27287870372,waddlingblueduck,Duck,,31,120,,I'm just a duck who enjoys writing and an absolute nut for anything steampunk.,https://instagram.com/waddlingblueduck,False,True,False,https://www.instagram.com/elowenfrostrpg
26060691,lowkeylokilookalike,,,515,2264,,,https://instagram.com/lowkeylokilookalike,False,True,False,https://www.instagram.com/elowenfrostrpg
57437276374,lich_king_osiris,Carl Wheezer,,8,508,,,https://instagram.com/lich_king_osiris,False,True,False,https://www.instagram.com/elowenfrostrpg
60030904915,tcgbling,TCGBling,None,272,297,http://www.tcgbling.com/,MTG custom Tokens by human artists or create your own,https://instagram.com/tcgbling,True,False,False,https://www.instagram.com/elowenfrostrpg
61777731523,demodraggaming,Trevor Gilbert,,222,5390,,,https://instagram.com/demodraggaming,False,False,False,https://www.instagram.com/elowenfrostrpg
65136241453,thekeyboardpilgrim,Keyboard Pilgrim,None,31,59,,"Gamebook and Retro Text Adventure player and creator.
'Well Read Reaper Games 'n' Stuff' is my little company in the corner of my living room.",https://instagram.com/thekeyboardpilgrim,True,False,False,https://www.instagram.com/elowenfrostrpg
61289095403,dineshbhaibhil1,dineshbhai  bhil,,73,75,,,https://instagram.com/dineshbhaibhil1,False,False,False,https://www.instagram.com/elowenfrostrpg
48609218202,yadavyashuy,Yashu Yadav,,102,62,,bts 🏳️‍🌈,https://instagram.com/yadavyashuy,False,False,False,https://www.instagram.com/elowenfrostrpg
66271842750,mythosquill,Mythos Quill,,31,93,https://www.kickstarter.com/projects/mythosquill/mythoria-world-chapter-i-land-of-men-dandd-5e-one-shots?ref=user_menu,Creating unique D&D concepts!,https://instagram.com/mythosquill,False,False,False,https://www.instagram.com/elowenfrostrpg
65862282223,grung_lover,,,20,47,,,https://instagram.com/grung_lover,False,False,False,https://www.instagram.com/elowenfrostrpg
25089261144,fallenlegend.pt,Marco Goncalves,,78,2352,,Verdade é uma questão de perspectiva... Escolhe uma que se adeque!,https://instagram.com/fallenlegend.pt,False,True,False,https://www.instagram.com/elowenfrostrpg
14216138976,bluefox2233,Daniel Schindler,,159,204,,,https://instagram.com/bluefox2233,False,True,False,https://www.instagram.com/elowenfrostrpg
6036116080,shabarigirisan1997,theGirisan,,1454,3134,,"Minimal Silhouette artist , Optical illusion illustration Artist, lover of black and white lines and sometimes there will be colors.",https://instagram.com/shabarigirisan1997,False,False,False,https://www.instagram.com/elowenfrostrpg
1384077600,ellesbelles_97,Ellie Norris,,552,6223,,Web designer @cyberrosewebdesign,https://instagram.com/ellesbelles_97,False,True,False,https://www.instagram.com/elowenfrostrpg
48977756038,oneeyedwerebear,One-Eyed Werebear Gaming,None,1075,2187,http://linkin.bio/oneeyedwerebear,Publishing adventures and more for your favorite role playing games. #dnd5e #dnd #rpg,https://instagram.com/oneeyedwerebear,True,False,False,https://www.instagram.com/elowenfrostrpg
9992447440,avynnmontgomery,Avynn Montgomery,,7,126,,,https://instagram.com/avynnmontgomery,False,False,False,https://www.instagram.com/elowenfrostrpg
59393243019,hexcellar,HexCellar,,430,156,,,https://instagram.com/hexcellar,False,False,False,https://www.instagram.com/elowenfrostrpg
36041709991,archangel_blaze92,Malachai Rasmussen,,121,6764,,,https://instagram.com/archangel_blaze92,False,False,False,https://www.instagram.com/elowenfrostrpg
20048417752,icedevilr_g,Isaiah Ewell,,325,4915,,,https://instagram.com/icedevilr_g,False,False,False,https://www.instagram.com/elowenfrostrpg
49000282633,bulb0megax_,0megaX,,187,363,,Apprezzatore medio di (quasi) qualsiasi opera di finzione o artistica.,https://instagram.com/bulb0megax_,False,False,False,https://www.instagram.com/elowenfrostrpg
7466113382,damienb_animation,Damien Bennett,,60,1061,,I'm an animation graduate and sketch and doodle,https://instagram.com/damienb_animation,False,True,False,https://www.instagram.com/elowenfrostrpg
26445173147,fandomstar.cos,FandomStar,,346,2416,https://linktr.ee/fandomstar,"Ell / 20
UK cosplayer
Working On: Old Man McGucket
Next Con: MCM London (Sunday)",https://instagram.com/fandomstar.cos,False,False,False,https://www.instagram.com/elowenfrostrpg
191046434,aritzcirbian,Aritz Cirbián Casado,,2236,1905,https://www.imdb.com/name/nm3541386/,De BCN porque los de Bilbao nacemos donde nos da la gana | Neutral-Good Film & TV Producer 🎞 @oslodije.media,https://instagram.com/aritzcirbian,False,False,False,https://www.instagram.com/elowenfrostrpg
49270293783,talesandtaverns,Tales & Taverns,None,12220,297,"https://www.kickstarter.com/projects/talesandtaverns/pumpkins-and-phantoms-a-dnd-5e-halloween-event, https://www.kickstarter.com/projects/talesandtaverns/dnd-5e-one-shots-of-tesharya-vol-2-life-of-adventure, https://www.patreon.com/talesandtaverns, http://linktr.ee/talesandtaverns","🐉 Dungeons & Dragons 5E Homebrew in 🇺🇸🇪🇸
📖+400 pages of TTRPG content on Patreon ✨
🍻 The tavern is open!! 🍻 Join us!!",https://instagram.com/talesandtaverns,True,False,False,https://www.instagram.com/elowenfrostrpg
3872505361,atomic_spaghetti,Elena Barbieri,None,1799,973,"https://atomicspaghetti.carrd.co/, https://ko-fi.com/atomicspaghetti, https://drive.google.com/drive/folders/1Q_2YwJeouowoZXkMGkFgwEmr5scMFFjh?usp=sharing","Illustrator, Concept Artist🏳️‍🌈 COMMS OPEN!
💼: Dark Birch Horde, Crossed Paths, Morvold Press, GMG, Stellara Books, Green Ronin, and more",https://instagram.com/atomic_spaghetti,True,False,False,https://www.instagram.com/elowenfrostrpg
7938521946,fenice_di_fuoco_,🔥𝔗𝔥𝔢_𝔉𝔦𝔯𝔢_𝔓𝔥𝔬𝔢𝔫𝔦𝔵_🔥,,6,191,,🔥𝕻𝖔𝖘𝖙 𝖋𝖆𝖙𝖆 𝖗𝖊𝖘𝖚𝖗𝖌𝖔🔥,https://instagram.com/fenice_di_fuoco_,False,False,False,https://www.instagram.com/elowenfrostrpg
40004527170,pharezhis,Pharezhis,,4,294,,,https://instagram.com/pharezhis,False,True,False,https://www.instagram.com/elowenfrostrpg
29340959666,eadesie2electricboogaloo,Jack Eades,,163,549,,,https://instagram.com/eadesie2electricboogaloo,False,True,False,https://www.instagram.com/elowenfrostrpg
58864359961,lordofsabres,William Robert,,737,1252,,"UBC COGS '26
The key to good times: good food, good vibes, great people.
Autistic and quirky but proud!",https://instagram.com/lordofsabres,False,True,False,https://www.instagram.com/elowenfrostrpg
3047733304,andrewhind73_,Andrew Hind,,631,967,,"Writer specialising in history, travel, and lifestyle. Proud father and husband.",https://instagram.com/andrewhind73_,False,False,False,https://www.instagram.com/elowenfrostrpg
5723846063,marta.dalessio,Marta D'alessio,,423,1745,,,https://instagram.com/marta.dalessio,False,False,False,https://www.instagram.com/elowenfrostrpg
4202060818,_uazzo_,Uazzo,,494,2859,,,https://instagram.com/_uazzo_,False,True,False,https://www.instagram.com/elowenfrostrpg
5637219277,2_noot_1,Bryan,None,390,958,,🦝all yours S.H<#,https://instagram.com/2_noot_1,True,False,False,https://www.instagram.com/elowenfrostrpg
2100423565,mine_5610,Noemi Del Villano,,334,1174,,👩🏻‍🍳Pastrychef,https://instagram.com/mine_5610,False,True,False,https://www.instagram.com/elowenfrostrpg
55754663366,paul_fr03,Paul Fischer,,117,437,,"21y  📍Hamburg
Trying cardistry
☕️  🧊 ♟️",https://instagram.com/paul_fr03,False,True,False,https://www.instagram.com/elowenfrostrpg
65787946150,cameron.brevard.1,,,29,504,,New account because it signed me out and couldn’t get back in :(,https://instagram.com/cameron.brevard.1,False,False,False,https://www.instagram.com/elowenfrostrpg
6173924145,fritz_stagram_kamui,Lorenzo-Frisina,,435,1772,,"~ Citizen of the world 🌍
~ Cosmopolita 🌎
🇨🇭🇮🇹 | ♋ | 9⃣2⃣
🐶🐶🐶's Aunt 😛
📍🇨🇭 | 
#Travel |
«Fatti non foste a viver come bruti» D. Alighieri",https://instagram.com/fritz_stagram_kamui,False,True,False,https://www.instagram.com/elowenfrostrpg
65556315689,dnd.character.help,,,80,471,,"- Get help making your first dnd character 🎭
- Tips and tricks for optimising your build 🎲
- Dutch and English 🇳🇱/🇬🇧
- DM for requests! 📩",https://instagram.com/dnd.character.help,False,False,False,https://www.instagram.com/elowenfrostrpg
58062738136,jqgraziano,Rediscovered Realms,,211,233,"http://rediscoveredrealms.com/, https://kickstarter.com/projects/jqgraziano/the-lost-dungeon-heroic-old-school-epic-fantasy-gamebook","⚔ Old School Fantasy Fan
🖋 Rediscovered Realms Scribe
🐉📚 Aspiring Gamebook Author
Keep the Adventure Going Strong!",https://instagram.com/jqgraziano,False,False,False,https://www.instagram.com/elowenfrostrpg
53473233141,butter_brews,Butter's Brews,,37,353,,21 y o,https://instagram.com/butter_brews,False,False,False,https://www.instagram.com/elowenfrostrpg
2167752,bongoheracles,Mark Mobbs,,46,148,,,https://instagram.com/bongoheracles,False,False,False,https://www.instagram.com/elowenfrostrpg
18009933213,crestwork2,Crest Work,,10,141,,,https://instagram.com/crestwork2,False,True,False,https://www.instagram.com/elowenfrostrpg
2205872677,steeben.n,Steven Nguyen,,342,335,,Yuki’s fan page,https://instagram.com/steeben.n,False,True,False,https://www.instagram.com/elowenfrostrpg
590595690,tryhardginger7,Andrew Guillot,,98,225,,"Huntsville, AL
Cybersecurity Major
Snap: ande077",https://instagram.com/tryhardginger7,False,False,False,https://www.instagram.com/elowenfrostrpg
308415145,lustylavender666,Noj Lavender,,1002,3464,,"Concerts, chinchillas, Guinea pigs, rats, wiener dogs, reptiles, video games, comics, wrestling, horror. TBI/PCS survivor. 🏳️‍🌈",https://instagram.com/lustylavender666,False,False,False,https://www.instagram.com/elowenfrostrpg
5802946042,_wungo_,Matt,,171,658,,"Sharp as a tack, but in the sense that I'm not smart, just a prick.",https://instagram.com/_wungo_,False,True,False,https://www.instagram.com/elowenfrostrpg
63847006385,badgertalesgms,Badger Tales,,762,1667,https://linktr.ee/badgertales,Your search for your next GM is over! Badger Tales creates unique and compelling roleplay games in incredible homebrew settings.,https://instagram.com/badgertalesgms,False,False,False,https://www.instagram.com/elowenfrostrpg
59541639447,koidragon1234,fire Dragon 721🇵🇷,,24,202,,,https://instagram.com/koidragon1234,False,False,False,https://www.instagram.com/elowenfrostrpg
65130547040,crowdfunding_maddy,Crowdfunding Maddy,,16,156,,"Crowdfunding Campaign Strategist
Professional Creator Champion 🎊
Find me with BackerKit 💛",https://instagram.com/crowdfunding_maddy,False,False,False,https://www.instagram.com/elowenfrostrpg
6911558847,mekhiholley,Mekhi Holley,,151,3997,,Freedom,https://instagram.com/mekhiholley,False,True,False,https://www.instagram.com/elowenfrostrpg
46184743848,dnd_yes,Dnd info dump,,65,215,,"First time DM, here for some inspiration",https://instagram.com/dnd_yes,False,False,False,https://www.instagram.com/elowenfrostrpg
10479462319,zander.mercurio,Alesson Guilherme Ficner,,2331,3121,http://www.instagram.com/hunterxhunterxhunter/,"💜@koy_ttoo 💜
✨Artista do Photoshop ✨
🚫 Não uso IA 🚫",https://instagram.com/zander.mercurio,False,False,False,https://www.instagram.com/elowenfrostrpg
5966963517,unforgivingmuse,Tefr Fantasy RPG Source.,,352,778,https://www.tefr.com/,"Making failed AI images into great memes since 1872
Dnd rpg fun and Illustration.
Tefr TTRPG game development and world building now in beta.",https://instagram.com/unforgivingmuse,False,False,False,https://www.instagram.com/elowenfrostrpg
3953315512,keiblade_rush,Keivon Rush,,281,4393,,"Ag major🌱  
Just a guy who uses quotes and enjoys reading and gaming and DND",https://instagram.com/keiblade_rush,False,True,False,https://www.instagram.com/elowenfrostrpg
34747875917,acondes219,,,125,4390,,"💕 Married to the best, so don’t even try 💕 5.25.20 💍",https://instagram.com/acondes219,False,True,False,https://www.instagram.com/elowenfrostrpg
58672075169,dungeonmastermind,Jake Packham,,1170,1700,https://open.spotify.com/show/1pbpNqPabsREjWiqXqnbm5,A Dungeons and Dragons podcast that dives into rules and game mechanics as they relate to real life.,https://instagram.com/dungeonmastermind,False,False,False,https://www.instagram.com/elowenfrostrpg
41172523978,goreharthewolfking,Michael Spell,,34,423,,,https://instagram.com/goreharthewolfking,False,False,False,https://www.instagram.com/elowenfrostrpg
37531847382,jm010180,Julian Moreno,,101,2193,,"-🥭💖🍗@zareth010180🍗💖🥭
-Dog dad of Frida💖",https://instagram.com/jm010180,False,True,False,https://www.instagram.com/elowenfrostrpg
1320335,mcmorelli,Mary Morelli,,364,768,"https://beacons.ai/marymo, https://linktr.ee/mcmorelli","Writer. Weirdo. Music Connoisseur. Theoretical Physics Enthusiast. You know, the basics.
@morellihvac | @notyourcounterculture | @frankiemeowsrelax",https://instagram.com/mcmorelli,False,False,False,https://www.instagram.com/elowenfrostrpg
60605365111,mitico.rol,Mítico - Juego de Rol,,567,677,,"🎲 JUEGO DE ROL 🎲
🐉 Sistema de reglas sencillo 📖
🧙🏼‍♂️ Construcción única de personajes 🧝🏼‍♂️
👇🏼 Únete a la aventura",https://instagram.com/mitico.rol,False,False,False,https://www.instagram.com/elowenfrostrpg
1393081909,timeihavewasted,Tory Harris,,68,2199,,,https://instagram.com/timeihavewasted,False,True,False,https://www.instagram.com/elowenfrostrpg
63935459526,tiredlich,Boa,,2,52,,,https://instagram.com/tiredlich,False,False,False,https://www.instagram.com/elowenfrostrpg
3003111506,vandal.ware27,Sean Ware,,49,523,,hello,https://instagram.com/vandal.ware27,False,False,False,https://www.instagram.com/elowenfrostrpg
37560519383,torfinn.myhre,Torfinn (_ _).｡o○,,7,24,,,https://instagram.com/torfinn.myhre,False,True,False,https://www.instagram.com/elowenfrostrpg
61294923389,qor.sim_pro,indiegogo | kickstarter | GoFundMe | Crowdfunding | Fundraising,,375,143,http://www.fiverr.com/qorsim_moye,"""Welcome to my page! I'm Qorsim, a seasoned digital marketer and crowdfunding expert. I'm here to help entrepreneurs turn visions into reality.",https://instagram.com/qor.sim_pro,False,False,False,https://www.instagram.com/elowenfrostrpg
61289926612,fortune_pro3,Crowdfunding Expert,None,6475,1806,"http://www.fiverr.com/fortunepro_team, https://femightyagency.dorik.io/","#crowdfunding
#indiegogoproject
#kickstarterproject
#campaign
#gofundme",https://instagram.com/fortune_pro3,True,False,False,https://www.instagram.com/elowenfrostrpg
44678008723,exp52400,Eric Saba,,40,1420,,,https://instagram.com/exp52400,False,False,False,https://www.instagram.com/elowenfrostrpg
63992564761,legendsofdhemetra,LOD,,223,1208,https://dhemetra.world/assets-for-dungeon-master/,"👑Dungeon Master
🌏World of Dhemetra
📦NPC assets for DM",https://instagram.com/legendsofdhemetra,False,False,False,https://www.instagram.com/elowenfrostrpg
643572846,draconis_sanguineum,David Crooks,,79,358,,,https://instagram.com/draconis_sanguineum,False,False,False,https://www.instagram.com/elowenfrostrpg
38164478697,hastertheredhead,haster,,683,925,https://pin.it/6ww0uNh,"Freelance ilustrator / character designer / graphic designer. 
Comissions open.
#dnd #characterdesign #dndart 🇲🇽",https://instagram.com/hastertheredhead,False,False,False,https://www.instagram.com/elowenfrostrpg
8639113766,ewannicolle,Ewan Nicolle,,8,217,,,https://instagram.com/ewannicolle,False,True,False,https://www.instagram.com/elowenfrostrpg
58672325811,ad.lwh,Adrian Low,,59,229,,Meow,https://instagram.com/ad.lwh,False,True,False,https://www.instagram.com/elowenfrostrpg
28251820779,chulie.art,Julie S. | Illustrator,,1239,1130,https://artistree.io/chulie.art,"I’M FINE!!
⭐️ Illustrator, Concept artist & TTRPG enthusiast
⭐️COMMISSIONS - OPEN! (Links bio)
⭐️Repost with credits",https://instagram.com/chulie.art,False,False,False,https://www.instagram.com/elowenfrostrpg
2461661038,juank_duranm,Juan Camilo Duran,,209,1356,https://linktr.ee/jkduranm,"""El arte es lo que le da sentido a este loco viaje que llamamos vida""
Diseños: @jkduranm",https://instagram.com/juank_duranm,False,False,False,https://www.instagram.com/elowenfrostrpg
405263160,exp7893z,Exp7893,,318,3825,,,https://instagram.com/exp7893z,False,True,False,https://www.instagram.com/elowenfrostrpg
187118966,misterhabs,Ben Haberek,,148,816,,,https://instagram.com/misterhabs,False,True,False,https://www.instagram.com/elowenfrostrpg
56505102632,morkahja,arcanitebrothers,None,3328,7381,"https://www.morkahja.eu/, https://discord.gg/zMbRB3q9HQ, https://www.morkahja.eu/support, https://play.google.com/store/apps/details?id=com.dominus868.morkahja&hl=en&gl=US","- independent mobile fantasy adventure rpg in development 
- development status: open beta test!
- release: 2024 🧙‍♂️✨",https://instagram.com/morkahja,True,False,False,https://www.instagram.com/elowenfrostrpg
36231647,eswat2,Richard Hess,,46,416,,,https://instagram.com/eswat2,False,False,False,https://www.instagram.com/elowenfrostrpg
57736676293,vault_of_velios,The Vault of Velios,,525,496,"https://patreon.com/user?u=93274354, https://discord.gg/C8vxCZgq9R",3D modelled magic items for DC20 and D&D 5e with a focus on balance and design,https://instagram.com/vault_of_velios,False,False,False,https://www.instagram.com/elowenfrostrpg
49823583458,overart.t,duda,,1128,1004,"https://overart-t.carrd.co/, https://halloweenych.carrd.co/, https://vgen.co/overart_t/service/halloween-chibi-ych-/1e111a7d-3491-4d97-9dae-09188a249f44","🍥 ilustradora
📧 overartt.commissions@gmail.com
🛍 loja online: @overarttshop
🖌 commissions open
👘 próximo evento: 13/10, cosfantasy",https://instagram.com/overart.t,False,False,False,https://www.instagram.com/elowenfrostrpg
61288823468,bigammeenn,Bigameen,,132,742,,Votre campagne Ulule réussira à travers nous,https://instagram.com/bigammeenn,False,False,False,https://www.instagram.com/elowenfrostrpg
60851483245,waywardenigmadesigns,Dakota,None,242,147,"http://linktr.ee/waywardenigmadesigns, https://www.backerkit.com/call_to_action/186d1103-f8f9-481e-b83d-1ee4fa363977/landing","Stickers, Stationary and Enamel Pins!",https://instagram.com/waywardenigmadesigns,True,False,False,https://www.instagram.com/elowenfrostrpg
23992129,tiny.savi,savannah hollis.,,828,903,,Winthrop University alumna.,https://instagram.com/tiny.savi,False,False,False,https://www.instagram.com/elowenfrostrpg
50238877545,dndpersonalworksappreciator,LiWendi,,9,148,,Bring more interesting DND personal works.,https://instagram.com/dndpersonalworksappreciator,False,False,False,https://www.instagram.com/elowenfrostrpg
62341261803,samuelsunny42,Samuel Sunny,,216,297,,Crowdfunding enthusiasts with a passion for turning dreams into reality. Let's Make amazing things happen together! #Crowdfundingpro,https://instagram.com/samuelsunny42,False,False,False,https://www.instagram.com/elowenfrostrpg
62519630965,dm_evensen,DM Evensen,,662,1163,,Dungeon Master Of TTRPGs & Gaming Enthusiast.,https://instagram.com/dm_evensen,False,False,False,https://www.instagram.com/elowenfrostrpg
8575343257,jahzie11,Jahz,,21,717,,,https://instagram.com/jahzie11,False,False,False,https://www.instagram.com/elowenfrostrpg
5612021,huwtj,Huw Jones,,710,1729,,Now a cat account apparently 🏴󠁧󠁢󠁷󠁬󠁳󠁿,https://instagram.com/huwtj,False,False,False,https://www.instagram.com/elowenfrostrpg
57874786968,dndartify,DnDArtify,None,183,120,"https://www.etsy.com/ch/shop/DnDArtify, https://www.dndartify.com/","🐉 Custom D&D character art!
🐲 Personalized for every adventurer.
📗 Design by class, race, gear etc.
 🔮 Powered by top AI tech.
.
.
.",https://instagram.com/dndartify,True,False,False,https://www.instagram.com/elowenfrostrpg
53983454928,mtaufiqgani,M Taufiq Gani P,,30,400,,,https://instagram.com/mtaufiqgani,False,False,False,https://www.instagram.com/elowenfrostrpg
59177806236,thekilteddm0370,The Kilted Dungeon Master,,134,321,,A chronicle of great deeds and amazing storytelling from a bard/fighter poet and his companions. #dnd #meninkilts #ttrpg #realmenwearkilts,https://instagram.com/thekilteddm0370,False,False,False,https://www.instagram.com/elowenfrostrpg
5568066648,akrambenhammadi,Akram Benhammadi,,240,2788,,,https://instagram.com/akrambenhammadi,False,True,False,https://www.instagram.com/elowenfrostrpg
5265944997,ware6455,Sean Ware,,740,6513,,,https://instagram.com/ware6455,False,False,False,https://www.instagram.com/elowenfrostrpg
60256254140,scribe.of.tzeentch,Tome Hunter,,489,400,,"Just a faithful scribe of Tzeentch, searching the multie-verse for mystic tomes and forbidden knowledge in the name of the great deceiver.",https://instagram.com/scribe.of.tzeentch,False,False,False,https://www.instagram.com/elowenfrostrpg
2915863133,lav_raccoon,Lav,,124,831,,"23 - 🇨🇭🇮🇹 - INTP
I headcanon myself as mentally stable :]
My whole personality is dnd and sex jokes",https://instagram.com/lav_raccoon,False,False,False,https://www.instagram.com/elowenfrostrpg
1410160761,maironluz,Mairon Luz,,614,1436,,,https://instagram.com/maironluz,False,False,False,https://www.instagram.com/elowenfrostrpg
60506228011,in_teokuitlatiueitlahtokayotl,The Golden Empire,,111,325,,This is a profile for 5e World Building project.,https://instagram.com/in_teokuitlatiueitlahtokayotl,False,True,False,https://www.instagram.com/elowenfrostrpg
46881870020,verdantgames5e,Verdant Games,,1024,111,http://www.verdant.games/,"| Weekly homebrew content for 5e |
| Art by @osso.cavo | 
You can access full PDFs via the sources in the link
#dnd5e #dndhomebrew",https://instagram.com/verdantgames5e,False,False,False,https://www.instagram.com/elowenfrostrpg
23144323814,roosterema,Emanuele Galletto,,1445,424,http://linktr.ee/emanuelegalletto,"ITA/ENG 🏳️‍🌈 
ENNIE-winning designer, art director, author of Fabula Ultima.
Antifascist, antiauthoritarian, fuck NFT/AI/crypto.",https://instagram.com/roosterema,False,False,False,https://www.instagram.com/elowenfrostrpg
39385826563,jokomaisu,jokomaisu,,12,220,,,https://instagram.com/jokomaisu,False,False,False,https://www.instagram.com/elowenfrostrpg
3626643309,cheyllama,chey ✨,,338,933,,"swiftie. pun-maker. 
chaotic good. coffee lover.
❀⋆.ೃ࿔*:･❀⋆.ೃ࿔",https://instagram.com/cheyllama,False,True,False,https://www.instagram.com/elowenfrostrpg
14775534160,boubernatmateu,Bernat,,219,569,,,https://instagram.com/boubernatmateu,False,True,False,https://www.instagram.com/elowenfrostrpg
19312958725,aether_crescent,Aether_Crescent,None,56,59,,,https://instagram.com/aether_crescent,True,False,False,https://www.instagram.com/elowenfrostrpg
654941800,karl2311,Karl Schmidt,,143,255,https://www.facebook.com/groups/1598271807066530,,https://instagram.com/karl2311,False,False,False,https://www.instagram.com/elowenfrostrpg
296137438,hayleyish,Hayley,,215,426,,Multipurpose geek (they/she),https://instagram.com/hayleyish,False,False,False,https://www.instagram.com/elowenfrostrpg
8414661368,tilli_mrtn,Tilli,,107,161,,Animation student,https://instagram.com/tilli_mrtn,False,False,False,https://www.instagram.com/elowenfrostrpg
58688486956,ventosbh,Stu,,1,57,,,https://instagram.com/ventosbh,False,True,False,https://www.instagram.com/elowenfrostrpg
61807078497,adryons_archivum,Adryon's Archivum,,2754,513,,Sharing homebrew content and worldbuilding ideas for Dungeons and Dragons 5th Edition ⚗️🗺️📖,https://instagram.com/adryons_archivum,False,False,False,https://www.instagram.com/elowenfrostrpg
60890008486,calibournestudios,Calibourne Studios,None,2171,721,https://linktr.ee/calibourne,"A one-man indie studio creating D&D 5e books, adventures, and campaign settings. ⚔️
— By Deckard Manne —
Myrwoods Setting Sourcebook coming soon🌲",https://instagram.com/calibournestudios,True,False,False,https://www.instagram.com/elowenfrostrpg
49348898604,youwannadowhatpodcast,You wanna do WHAT!?!?,,1266,5253,"https://anchor.fm/you-wanna-do-what, https://www.facebook.com/marketplace/item/6905593402887239/","The ongoing 'adventures' of MOGG, Mad Maven, Flambé, Gorrik, Bramble Moss, and Bickle Jr. as they do everything except keep the DM sane.",https://instagram.com/youwannadowhatpodcast,False,False,False,https://www.instagram.com/elowenfrostrpg
11367559518,mediastreampress,Andrew Frinkle,None,1273,6445,http://linktr.ee/mediastreampress,"Indie Game Developer & Publisher
Terra Incognita retro RPG for 5E is coming soon!",https://instagram.com/mediastreampress,True,False,False,https://www.instagram.com/elowenfrostrpg
61255961651,purplefox769,,,300,7117,,,https://instagram.com/purplefox769,False,False,False,https://www.instagram.com/elowenfrostrpg
48401563415,les_looters,,,8,90,,,https://instagram.com/les_looters,False,False,False,https://www.instagram.com/elowenfrostrpg
24778077070,diego.latini.75,Diego Latini,,171,2284,,,https://instagram.com/diego.latini.75,False,False,False,https://www.instagram.com/elowenfrostrpg
13374990805,smokebombp,Colin Couch,None,55,2460,,,https://instagram.com/smokebombp,True,False,False,https://www.instagram.com/elowenfrostrpg
58471001283,dm_compendium,Dungeon Masters Compendium,,2308,1648,https://www.patreon.com/dungeonmasterscompendium,"Join the Dungeon Masters Compendium and gain access to battlemaps, quests, monsters, and more. Everything you need to for your tabletop RPG sessions.",https://instagram.com/dm_compendium,False,False,False,https://www.instagram.com/elowenfrostrpg
52402863188,lystoria__project,🛡️ Lystoria ⚔️,,496,716,"https://linktr.ee/lystoria__project, https://jamboeditora.com.br/produto/lystoria/, https://youtube.com/@evilwriterlo1526","Página dedicada ao meus esforços literários, e meu canal no YouTube. 📝",https://instagram.com/lystoria__project,False,False,False,https://www.instagram.com/elowenfrostrpg
60044164369,exp_harvester,Exp  Harvester,None,536,934,https://linktr.ee/expharvester9expharvester,"D&D content creators🗡️✨ made in Italy!🇮🇹
•
Here to share our tabletop games experience🎲
Click the link below to access all our content!",https://instagram.com/exp_harvester,True,False,False,https://www.instagram.com/elowenfrostrpg
48128536560,rita25gdaisy,Margarita,,34,76,,,https://instagram.com/rita25gdaisy,False,False,False,https://www.instagram.com/elowenfrostrpg
60243317793,flailtotheface,Flail To The Face,,365,384,,"The Rolled Standard Presents: Flail To The Face is a ""compatible with Mork Borg"" actual play podcast focusing on spotlighting 3rd party content.",https://instagram.com/flailtotheface,False,False,False,https://www.instagram.com/elowenfrostrpg
29865815980,micah_m00lman_,Micah Moolman,,78,668,,"'03
UP
Computer Engineering
""The mystery of life isn't a problem to solve, but a reality to experience.""              
- Frank Herbert",https://instagram.com/micah_m00lman_,False,True,False,https://www.instagram.com/elowenfrostrpg
60658514696,magnificus_artifex,Drizzt DoUrden,,50,467,,"Ich zeige hier meine Hobby-Kunst
I show my hobbyart",https://instagram.com/magnificus_artifex,False,False,False,https://www.instagram.com/elowenfrostrpg
61204125840,zenflavor.dnd,Chris,,1562,5616,"https://www.dndbeyond.com/characters/104768015/86apNt, https://agothdoomhandtheskullsofpower.com/","🎲 Streaming D&D
Questing in Agoth Doomhand and the Skulls of Power 💀#DnD",https://instagram.com/zenflavor.dnd,False,False,False,https://www.instagram.com/elowenfrostrpg
57674923805,tabletop.curiosities,Tabletop Curiosities,None,1611,3076,https://tabletopcuriosities.etsy.com/,"Welcome Adventurers ⚔️ 
Join me on my quest- making ttrpg accessories!
Dice Maker and DM, based in Kent, England 🔮🧝‍♀️",https://instagram.com/tabletop.curiosities,True,False,False,https://www.instagram.com/elowenfrostrpg
3096325270,starkiller3443,Miguel Castro,,225,1151,,,https://instagram.com/starkiller3443,False,True,False,https://www.instagram.com/elowenfrostrpg
7058306525,ariannatremiti,Arianna,,43,296,,"🌵AZ | 20 | T1D |🦿 | 🏳️‍🌈
🐞",https://instagram.com/ariannatremiti,False,True,False,https://www.instagram.com/elowenfrostrpg
57496064553,soundsanddungeons,Sounds & Dungeons-Javier,,223,812,"https://linktr.ee/soundsanddungeons, http://www.soundsanddungeons.com/","I Am a Dungeon Master making Fantasy music  & Dungeon Synth for D&D, painting Minis & Making Terrain🇵🇷
LINK BELOW FOR TTRPG MUSIC. ROYALTY FREE ⬇️!!",https://instagram.com/soundsanddungeons,False,False,False,https://www.instagram.com/elowenfrostrpg
57030373194,the_glorious_compendium,The_Glorious_Compendium,,2145,932,https://linktr.ee/The_Glorious_Compendium,Creating D&D 5e quality homebrew for your adventures.,https://instagram.com/the_glorious_compendium,False,False,False,https://www.instagram.com/elowenfrostrpg
745841622,gui.pcruz,Guilherme Cruz,,636,3115,,,https://instagram.com/gui.pcruz,False,True,False,https://www.instagram.com/elowenfrostrpg
49102991130,fatesforgednd,Fate’s Forge,None,510,755,https://open.spotify.com/show/2PX0b8CkrT4OjC3D4tUryd?si=tmIQMP9XSGuJMhGyEcOdZw,Bringing you mischief and mayhem to the realm of Ravenloft with a unique twist from Van Richten's sourcebook on Curse of Strahd,https://instagram.com/fatesforgednd,True,False,False,https://www.instagram.com/elowenfrostrpg
61022593398,worldshaper.ztl,Keith Kirby,,764,4181,https://linktr.ee/worldshaper_studios,"Digital #creaturedesign and #3D artist , #tabletop game enthusiast, #3dprinting,#sculptor of #Solkesh #Bestiary. #specevo artist. #commissions open",https://instagram.com/worldshaper.ztl,False,False,False,https://www.instagram.com/elowenfrostrpg
56287729164,historiaobscura_the_game,Fabio De Vecchi,,1536,5161,,,https://instagram.com/historiaobscura_the_game,False,False,False,https://www.instagram.com/elowenfrostrpg
52249150919,fsproductions_ttrpg,FrogE Style Produtions,,482,1567,https://www.dmsguild.com/m/product/480785,"Giving GM’s the tools they need to play better games and, in turn, tell better stories.",https://instagram.com/fsproductions_ttrpg,False,False,False,https://www.instagram.com/elowenfrostrpg
47609138994,ardapelkroke,Noiz,,165,1001,,"Hello
🇳🇱🏳️‍🌈♠️
tone indicators pls",https://instagram.com/ardapelkroke,False,False,False,https://www.instagram.com/elowenfrostrpg
54190609449,ildottoresexperiments,Il Dottore,,304,200,https://linktr.ee/ildottoresexperiments,"Creator of Homebrew for D&D 5e! 🐉🗡
(Hopefully) Daily Posts of Sheets! 📜
Commissions welcomed!
All brews original creations unless expressly stated!",https://instagram.com/ildottoresexperiments,False,False,False,https://www.instagram.com/elowenfrostrpg
55583145974,dichotomy.games,Dichotomy Games,,815,547,https://www.patreon.com/dichotomygames,"We are Dichotomy Games, a small team of passionate and dedicated writers committed to creating new and unique 5e-compatible content.",https://instagram.com/dichotomy.games,False,False,False,https://www.instagram.com/elowenfrostrpg
59909049941,ryko0001,Ryback Kirot,,287,1030,,"https://twitter.com/Ryko6684
https://www.patreon.com/Ryko383
https://www.deviantart.com/ryback1020/posts
Amateur artist",https://instagram.com/ryko0001,False,False,False,https://www.instagram.com/elowenfrostrpg
53319439631,arcadiantv,Arcadian Media,,7114,934,,"Creators of games, films, and entertainment media. https://arcadian.tv
D&D homebrew every Tuesday and Friday!",https://instagram.com/arcadiantv,False,False,False,https://www.instagram.com/elowenfrostrpg
8952685430,jbilodo,John Bilodeau,,211,480,https://www.patreon.com/johnbilodeau,"Toronto, ON - ink/pencil/watercolor illustrator",https://instagram.com/jbilodo,False,False,False,https://www.instagram.com/elowenfrostrpg
2205222573,yordanyo_,Yordan Yordanov,,18,247,,"Ruse, Bulgaria 🇧🇬⚓
Fantasy Enthusiast 🐉 / Love travelling 🚅",https://instagram.com/yordanyo_,False,True,False,https://www.instagram.com/elowenfrostrpg
58959495540,rollfordopamine,Roll For Dopamine,,408,833,"http://twitch.tv/rollfordopamine, https://m.youtube.com/@RollForDopamine",Streaming Fridays at 6:30 pm,https://instagram.com/rollfordopamine,False,False,False,https://www.instagram.com/elowenfrostrpg
3056500027,goncalves__8,Pedro Gonçalves,,280,484,,,https://instagram.com/goncalves__8,False,True,False,https://www.instagram.com/elowenfrostrpg
25827558187,augusto_mvs,augusto,,212,4426,,,https://instagram.com/augusto_mvs,False,False,False,https://www.instagram.com/elowenfrostrpg
60821572839,djimenez.miniatures,,,2741,6814,,,https://instagram.com/djimenez.miniatures,False,False,False,https://www.instagram.com/elowenfrostrpg
6636572733,rufus_comics_404,Francesco Roffi 🇪🇦🇮🇹,,9262,7277,https://www.redbubble.com/people/RufusComics/shop?asc=u&ref=account-nav-dropdown,"@comicxone artist. #comics 💬
#dnd ⚔ #fantasy 🦄
Post settimanale 🇬🇧 English sub in the post description 😁 STORE:",https://instagram.com/rufus_comics_404,False,False,False,https://www.instagram.com/elowenfrostrpg
60629234789,pixel_humanity,Pixel Humanity,,833,1632,,,https://instagram.com/pixel_humanity,False,False,False,https://www.instagram.com/elowenfrostrpg
56592121345,craftsofthedeep,Crafts of the Deep 🦑,,1492,1247,,"Sculpting miniatures and terrain for my DnD campaigns (mostly). All figurines are handmade by me. 
Hope you enjoy! 🐙",https://instagram.com/craftsofthedeep,False,False,False,https://www.instagram.com/elowenfrostrpg
60627326278,tacobella.jinglebella,Bella the cat 🐈,,2047,4855,,,https://instagram.com/tacobella.jinglebella,False,False,False,https://www.instagram.com/elowenfrostrpg
58274314866,tcdreams_berlin,TC Dreams-Berlin,None,1642,6023,"http://www.tcdreams-berlin.de/, http://www.cardmarket.com/de/magic/users/tcdreams-berlin","Onlineshop für Exquisite Trading Cards in Berlin
#TradingCards
#MagicTheGathering
#MTG
#CardCollector
#VintageCards
#SealedProducts
#boosterbreaks",https://instagram.com/tcdreams_berlin,True,False,False,https://www.instagram.com/elowenfrostrpg
6652862091,khaixrozary,Intergalactic Kla Kri KhaixRozary,,40,7050,https://mobile.twitter.com/KhaixRozary,Saggitarius/Capricorn Cuspian. {INFJ} Lover of the Galaxy and the Interstellar Immaculty. Chrystalline Sol; Emanating the Will of the #SerenityRoze,https://instagram.com/khaixrozary,False,True,False,https://www.instagram.com/elowenfrostrpg
46907601932,dreamsconnect_agency,Habee Expert,,15,92,,"Helping dreams become reality through crowdfunding.""",https://instagram.com/dreamsconnect_agency,False,False,False,https://www.instagram.com/elowenfrostrpg
55045422193,arcane_discoveries,Liz & Jon,,3093,1694,http://ko-fi.com/arcanediscoveries,"husband & wife on a quest to find the coolest d&d stuff and highlight the people who create it ⚔️🔮
arcanediscoveries@gmail.com",https://instagram.com/arcane_discoveries,False,False,False,https://www.instagram.com/elowenfrostrpg
29417278412,thebrokenfewdnd,Apocalypse Written- The Stone Of Evendal,,748,1400,http://www.theshadowytavern.com/,"Subtle storyteller
 ""The Stone of Evendal""🖍
🍖🐒🗡🔎Atemis - Elf Battlemaster
👥👥👤👥👥Camillo - Arcane Trickster
🐦🐦🐦😒🐦🐦🐦 Lupt -Swarmkeeper Ranger
2009-2023+",https://instagram.com/thebrokenfewdnd,False,False,False,https://www.instagram.com/elowenfrostrpg
19820217210,vaultofthearcane,The V.O.T.A,None,1897,407,https://ko-fi.com/vaultofthearcane,"Some of my D&D5e creations that I hope reach a tabletop somewhere! 
I use art from different sources to match my creations, I don’t own any of them.",https://instagram.com/vaultofthearcane,True,False,False,https://www.instagram.com/elowenfrostrpg
58857265944,oyinda_david,Oyinda David,,37,219,,"I am Oyinda, a professional digital marketing manager in the position of crowdfunding campaign management, content writing, Shopify marketing, etc.",https://instagram.com/oyinda_david,False,False,False,https://www.instagram.com/elowenfrostrpg
59614298343,arcane_paradox_ai,Arcane Paradox AI,,4124,7218,,www.drusniel.com #dnd #aiart #dragonlanceart #rpgart,https://instagram.com/arcane_paradox_ai,False,False,False,https://www.instagram.com/elowenfrostrpg
7832855642,kellkorian,Kellkore,,400,6152,,,https://instagram.com/kellkorian,False,False,False,https://www.instagram.com/elowenfrostrpg
61227252800,onethousandgoblins,one thousand goblins,None,560,1184,,"tOo mAnnee gObLiNS!!!
A multi-faceted goblin every day until we reach 1,000!
Here for your DND-inspired NPC random encounter story prompts!",https://instagram.com/onethousandgoblins,True,False,False,https://www.instagram.com/elowenfrostrpg
58195755547,dungeonaidgames,Dungeonaid Games,,3540,7575,"https://www.drivethrurpg.com/product/464187/DarkFrost-a-grim-yuletide-5e-sourcebook?term=DarkFrost+, https://www.drivethrurpg.com/product/450645/Creatures-from-Blightcoral-Cove, https://mailchi.mp/1cc185f11a0f/dungeonaidlanding, https://www.drivethrurpg.com/browse.php?keywords=Dungeonaid+&x=27&y=8","DarkFrost, a grim Christmas 5e adventure series now for sale on DriveThruRPG!",https://instagram.com/dungeonaidgames,False,False,False,https://www.instagram.com/elowenfrostrpg
39677293801,terranempirepublishing,Terran Empire Publishing,None,1004,1952,"https://www.amazon.com/stores/page/E1EE5454-E65C-42BF-A8F9-483A15552349, http://terranempirepublishing.com/","Family-run Publishing Company specializing in TTRPGs, LGBTQIA+ Romance, Fantasy/Sci-fi,  poetry & short stories, and Children's literature.",https://instagram.com/terranempirepublishing,True,False,False,https://www.instagram.com/elowenfrostrpg
58427899874,theshadowytavern,The Shadowy Tavern,,980,2340,http://www.theshadowytavern.com/,Come hang out for some homebrew!,https://instagram.com/theshadowytavern,False,False,False,https://www.instagram.com/elowenfrostrpg
1928637724,a_slavic_shadow,rosa antunes,,165,590,,Criadora de @lazulidice,https://instagram.com/a_slavic_shadow,False,True,False,https://www.instagram.com/elowenfrostrpg
5991809105,rolltorole,Roll to Role,,71,109,"http://rolltorole.com/, https://www.amazon.com/Roll-Role-K-M-Miller/dp/B0CD1684TM/ref=sr_1_5?keywords=roll+to+roll&qid=1691006921&s=books&sr=1-5, https://www.drivethrurpg.com/m/product/446999","Goat Cheese & Lavender
Rules-Light, Tabletop Roleplaying Games",https://instagram.com/rolltorole,False,False,False,https://www.instagram.com/elowenfrostrpg
59672009979,polyheathen_dice,,,407,411,,Welcome my fellow heathens! Come and join me on my dice making journey! UK based,https://instagram.com/polyheathen_dice,False,False,False,https://www.instagram.com/elowenfrostrpg
