[
  {
    "User ID": "550694625",
    "Username": "iruna210",
    "Full Name": "Irene Marcelo",
    "Category": "",
    "Followers": 356,
    "Following": 1022,
    "External URL": "",
    "Biography": "\ud83d\ude3a\ud83d\udc81\ud83c\udffb\u200d\u2640\ufe0f\ud83d\ude3a\ud83d\udc31\nA3 Pediatria \ud83d\udc76\ud83c\udf7c\ud83d\udc67\nEndocrinolog\u00eda pedi\u00e1trica \ud83c\udf6d\ud83e\ude78",
    "Profile URL": "https://instagram.com/iruna210",
    "Is business": false,
    "Is private": true,
    "Is verified": false
  },
  {
    "User ID": "2215451896",
    "Username": "pachi.miranda",
    "Full Name": "pachi",
    "Category": "",
    "Followers": 76,
    "Following": 377,
    "External URL": "",
    "Biography": "Sushi & Ploma",
    "Profile URL": "https://instagram.com/pachi.miranda",
    "Is business": false,
    "Is private": true,
    "Is verified": false
  },
  {
    "User ID": "67058560839",
    "Username": "talecraftpodcast",
    "Full Name": "Tale Craft",
    "Category": "None",
    "Followers": 1441,
    "Following": 4241,
    "External URL": "https://linktr.ee/talecraftpodcast",
    "Biography": "A barely D&D podcast where the characters have no morals, and no topic is off-limits.. listen using the link below! #talecraftpodcast",
    "Profile URL": "https://instagram.com/talecraftpodcast",
    "Is business": true,
    "Is private": false,
    "Is verified": false
  },
  {
    "User ID": "65803626648",
    "Username": "aurumbookseries",
    "Full Name": "S. E. Georgiana",
    "Category": "",
    "Followers": 4224,
    "Following": 5590,
    "External URL": "https://a.co/d/fJM3lsh, https://a.co/d/00lXN9Vl",
    "Biography": "High Fantasy Book Series for all ages by Author S. E. Georgiana",
    "Profile URL": "https://instagram.com/aurumbookseries",
    "Is business": false,
    "Is private": false,
    "Is verified": false
  },
  {
    "User ID": "64400398578",
    "Username": "nocsvitani",
    "Full Name": null,
    "Category": "",
    "Followers": 0,
    "Following": 27,
    "External URL": "",
    "Biography": "",
    "Profile URL": "https://instagram.com/nocsvitani",
    "Is business": false,
    "Is private": true,
    "Is verified": false
  },
  {
    "User ID": "3449769750",
    "Username": "castillo_schmuck",
    "Full Name": "Kevin Castillo",
    "Category": "",
    "Followers": 183,
    "Following": 641,
    "External URL": "",
    "Biography": "Be the person you dog thing you are.",
    "Profile URL": "https://instagram.com/castillo_schmuck",
    "Is business": false,
    "Is private": true,
    "Is verified": false
  },
  {
    "User ID": "6328736706",
    "Username": "prince_berahino",
    "Full Name": "CROWDFUNDING EXPERT/ FUNDRAISER/ EMAIL MARKETING",
    "Category": "None",
    "Followers": 1101,
    "Following": 395,
    "External URL": "http://www.fiverr.com/prince_berahino, https://www.facebook.com/aderoju.ibrahim.3",
    "Biography": "#crowdfunding \n#campaignpromotion \n#emailmarketing \n#campaigncreation \n#fundraising \n#backerlist\n#crowdfundingmarketing",
    "Profile URL": "https://instagram.com/prince_berahino",
    "Is business": true,
    "Is private": false,
    "Is verified": false
  },
  {
    "User ID": "54515276",
    "Username": "auditoryfidget",
    "Full Name": "Nicole Rodgers",
    "Category": "",
    "Followers": 144,
    "Following": 401,
    "External URL": "",
    "Biography": "",
    "Profile URL": "https://instagram.com/auditoryfidget",
    "Is business": false,
    "Is private": false,
    "Is verified": false
  },
  {
    "User ID": "20657761980",
    "Username": "kate_imogen03",
    "Full Name": "Kate",
    "Category": "",
    "Followers": 136,
    "Following": 630,
    "External URL": "",
    "Biography": "\u263c Aries \u263e Gemini \u2191 Sagittarius",
    "Profile URL": "https://instagram.com/kate_imogen03",
    "Is business": false,
    "Is private": true,
    "Is verified": false
  },
  {
    "User ID": "55971752644",
    "Username": "2_taverns",
    "Full Name": "Two Taverns",
    "Category": "",
    "Followers": 109,
    "Following": 55,
    "External URL": "https://www.youtube.com/@2taverns, https://www.kickstarter.com/projects/2taverns/peks-peril-a-dandd-adventure-one-shot",
    "Biography": "TTRPG litRPG publisher. Join us as we delve into the world of Dungeons and Dragons with a unique brand of fun and fury.",
    "Profile URL": "https://instagram.com/2_taverns",
    "Is business": false,
    "Is private": false,
    "Is verified": false
  }
]