[
  {
    "User ID": "38164478697",
    "Username": "hastertheredhead",
    "Full Name": "haster",
    "Category": "",
    "Followers": 683,
    "Following": 925,
    "External URL": "https://pin.it/6ww0uNh",
    "Biography": "Freelance ilustrator / character designer / graphic designer. \nComissions open.\n#dnd #characterdesign #dndart \ud83c\uddf2\ud83c\uddfd",
    "Profile URL": "https://instagram.com/hastertheredhead",
    "Is business": false,
    "Is private": false,
    "Is verified": false
  },
  {
    "User ID": "8639113766",
    "Username": "ewannicolle",
    "Full Name": "Ewan Nicolle",
    "Category": "",
    "Followers": 8,
    "Following": 217,
    "External URL": "",
    "Biography": "",
    "Profile URL": "https://instagram.com/ewannicolle",
    "Is business": false,
    "Is private": true,
    "Is verified": false
  },
  {
    "User ID": "58672325811",
    "Username": "ad.lwh",
    "Full Name": "Adrian Low",
    "Category": "",
    "Followers": 59,
    "Following": 229,
    "External URL": "",
    "Biography": "Meow",
    "Profile URL": "https://instagram.com/ad.lwh",
    "Is business": false,
    "Is private": true,
    "Is verified": false
  },
  {
    "User ID": "28251820779",
    "Username": "chulie.art",
    "Full Name": "Julie S. | Illustrator",
    "Category": "",
    "Followers": 1239,
    "Following": 1130,
    "External URL": "https://artistree.io/chulie.art",
    "Biography": "I\u2019M FINE!!\n\u2b50\ufe0f Illustrator, Concept artist & TTRPG enthusiast\n\u2b50\ufe0fCOMMISSIONS - OPEN! (Links bio)\n\u2b50\ufe0fRepost with credits",
    "Profile URL": "https://instagram.com/chulie.art",
    "Is business": false,
    "Is private": false,
    "Is verified": false
  },
  {
    "User ID": "2461661038",
    "Username": "juank_duranm",
    "Full Name": "Juan Camilo Duran",
    "Category": "",
    "Followers": 209,
    "Following": 1356,
    "External URL": "https://linktr.ee/jkduranm",
    "Biography": "\"El arte es lo que le da sentido a este loco viaje que llamamos vida\"\nDise\u00f1os: @jkduranm",
    "Profile URL": "https://instagram.com/juank_duranm",
    "Is business": false,
    "Is private": false,
    "Is verified": false
  },
  {
    "User ID": "405263160",
    "Username": "exp7893z",
    "Full Name": "Exp7893",
    "Category": "",
    "Followers": 318,
    "Following": 3825,
    "External URL": "",
    "Biography": "",
    "Profile URL": "https://instagram.com/exp7893z",
    "Is business": false,
    "Is private": true,
    "Is verified": false
  },
  {
    "User ID": "187118966",
    "Username": "misterhabs",
    "Full Name": "Ben Haberek",
    "Category": "",
    "Followers": 148,
    "Following": 816,
    "External URL": "",
    "Biography": "",
    "Profile URL": "https://instagram.com/misterhabs",
    "Is business": false,
    "Is private": true,
    "Is verified": false
  },
  {
    "User ID": "56505102632",
    "Username": "morkahja",
    "Full Name": "arcanitebrothers",
    "Category": "None",
    "Followers": 3328,
    "Following": 7381,
    "External URL": "https://www.morkahja.eu/, https://discord.gg/zMbRB3q9HQ, https://www.morkahja.eu/support, https://play.google.com/store/apps/details?id=com.dominus868.morkahja&hl=en&gl=US",
    "Biography": "- independent mobile fantasy adventure rpg in development \n- development status: open beta test!\n- release: 2024 \ud83e\uddd9\u200d\u2642\ufe0f\u2728",
    "Profile URL": "https://instagram.com/morkahja",
    "Is business": true,
    "Is private": false,
    "Is verified": false
  },
  {
    "User ID": "36231647",
    "Username": "eswat2",
    "Full Name": "Richard Hess",
    "Category": "",
    "Followers": 46,
    "Following": 416,
    "External URL": "",
    "Biography": "",
    "Profile URL": "https://instagram.com/eswat2",
    "Is business": false,
    "Is private": false,
    "Is verified": false
  },
  {
    "User ID": "57736676293",
    "Username": "vault_of_velios",
    "Full Name": "The Vault of Velios",
    "Category": "",
    "Followers": 525,
    "Following": 496,
    "External URL": "https://patreon.com/user?u=93274354, https://discord.gg/C8vxCZgq9R",
    "Biography": "3D modelled magic items for DC20 and D&D 5e with a focus on balance and design",
    "Profile URL": "https://instagram.com/vault_of_velios",
    "Is business": false,
    "Is private": false,
    "Is verified": false
  }
]