[
  {
    "User ID": "49823583458",
    "Username": "overart.t",
    "Full Name": "duda",
    "Category": "",
    "Followers": 1128,
    "Following": 1004,
    "External URL": "https://overart-t.carrd.co/, https://halloweenych.carrd.co/, https://vgen.co/overart_t/service/halloween-chibi-ych-/1e111a7d-3491-4d97-9dae-09188a249f44",
    "Biography": "\ud83c\udf65 ilustradora\n\ud83d\udce7 overartt.commissions@gmail.com\n\ud83d\udecd loja online: @overarttshop\n\ud83d\udd8c commissions open\n\ud83d\udc58 pr\u00f3ximo evento: 13/10, cosfantasy",
    "Profile URL": "https://instagram.com/overart.t",
    "Is business": false,
    "Is private": false,
    "Is verified": false
  },
  {
    "User ID": "61288823468",
    "Username": "bigammeenn",
    "Full Name": "Bigameen",
    "Category": "",
    "Followers": 132,
    "Following": 742,
    "External URL": "",
    "Biography": "Votre campagne Ulule r\u00e9ussira \u00e0 travers nous",
    "Profile URL": "https://instagram.com/bigammeenn",
    "Is business": false,
    "Is private": false,
    "Is verified": false
  },
  {
    "User ID": "60851483245",
    "Username": "waywardenigmadesigns",
    "Full Name": "Dakota",
    "Category": "None",
    "Followers": 242,
    "Following": 147,
    "External URL": "http://linktr.ee/waywardenigmadesigns, https://www.backerkit.com/call_to_action/186d1103-f8f9-481e-b83d-1ee4fa363977/landing",
    "Biography": "Stickers, Stationary and Enamel Pins!",
    "Profile URL": "https://instagram.com/waywardenigmadesigns",
    "Is business": true,
    "Is private": false,
    "Is verified": false
  },
  {
    "User ID": "23992129",
    "Username": "tiny.savi",
    "Full Name": "savannah hollis.",
    "Category": "",
    "Followers": 828,
    "Following": 903,
    "External URL": "",
    "Biography": "Winthrop University alumna.",
    "Profile URL": "https://instagram.com/tiny.savi",
    "Is business": false,
    "Is private": false,
    "Is verified": false
  },
  {
    "User ID": "50238877545",
    "Username": "dndpersonalworksappreciator",
    "Full Name": "LiWendi",
    "Category": "",
    "Followers": 9,
    "Following": 148,
    "External URL": "",
    "Biography": "Bring more interesting DND personal works.",
    "Profile URL": "https://instagram.com/dndpersonalworksappreciator",
    "Is business": false,
    "Is private": false,
    "Is verified": false
  },
  {
    "User ID": "62341261803",
    "Username": "samuelsunny42",
    "Full Name": "Samuel Sunny",
    "Category": "",
    "Followers": 216,
    "Following": 297,
    "External URL": "",
    "Biography": "Crowdfunding enthusiasts with a passion for turning dreams into reality. Let's Make amazing things happen together! #Crowdfundingpro",
    "Profile URL": "https://instagram.com/samuelsunny42",
    "Is business": false,
    "Is private": false,
    "Is verified": false
  },
  {
    "User ID": "62519630965",
    "Username": "dm_evensen",
    "Full Name": "DM Evensen",
    "Category": "",
    "Followers": 662,
    "Following": 1163,
    "External URL": "",
    "Biography": "Dungeon Master Of TTRPGs & Gaming Enthusiast.",
    "Profile URL": "https://instagram.com/dm_evensen",
    "Is business": false,
    "Is private": false,
    "Is verified": false
  },
  {
    "User ID": "8575343257",
    "Username": "jahzie11",
    "Full Name": "Jahz",
    "Category": "",
    "Followers": 21,
    "Following": 717,
    "External URL": "",
    "Biography": "",
    "Profile URL": "https://instagram.com/jahzie11",
    "Is business": false,
    "Is private": false,
    "Is verified": false
  },
  {
    "User ID": "5612021",
    "Username": "huwtj",
    "Full Name": "Huw Jones",
    "Category": "",
    "Followers": 710,
    "Following": 1729,
    "External URL": "",
    "Biography": "Now a cat account apparently \ud83c\udff4\udb40\udc67\udb40\udc62\udb40\udc77\udb40\udc6c\udb40\udc73\udb40\udc7f",
    "Profile URL": "https://instagram.com/huwtj",
    "Is business": false,
    "Is private": false,
    "Is verified": false
  },
  {
    "User ID": "57874786968",
    "Username": "dndartify",
    "Full Name": "DnDArtify",
    "Category": "None",
    "Followers": 183,
    "Following": 120,
    "External URL": "https://www.etsy.com/ch/shop/DnDArtify, https://www.dndartify.com/",
    "Biography": "\ud83d\udc09 Custom D&D character art!\n\ud83d\udc32 Personalized for every adventurer.\n\ud83d\udcd7 Design by class, race, gear etc.\n \ud83d\udd2e Powered by top AI tech.\n.\n.\n.",
    "Profile URL": "https://instagram.com/dndartify",
    "Is business": true,
    "Is private": false,
    "Is verified": false
  }
]