[
  {
    "User ID": "53983454928",
    "Username": "mtaufiqgani",
    "Full Name": "M Taufiq Gani P",
    "Category": "",
    "Followers": 30,
    "Following": 400,
    "External URL": "",
    "Biography": "",
    "Profile URL": "https://instagram.com/mtaufiqgani",
    "Is business": false,
    "Is private": false,
    "Is verified": false
  },
  {
    "User ID": "59177806236",
    "Username": "thekilteddm0370",
    "Full Name": "The Kilted Dungeon Master",
    "Category": "",
    "Followers": 134,
    "Following": 321,
    "External URL": "",
    "Biography": "A chronicle of great deeds and amazing storytelling from a bard/fighter poet and his companions. #dnd #meninkilts #ttrpg #realmenwearkilts",
    "Profile URL": "https://instagram.com/thekilteddm0370",
    "Is business": false,
    "Is private": false,
    "Is verified": false
  },
  {
    "User ID": "5568066648",
    "Username": "akrambenhammadi",
    "Full Name": "Akram Benhammadi",
    "Category": "",
    "Followers": 240,
    "Following": 2788,
    "External URL": "",
    "Biography": "",
    "Profile URL": "https://instagram.com/akrambenhammadi",
    "Is business": false,
    "Is private": true,
    "Is verified": false
  },
  {
    "User ID": "5265944997",
    "Username": "ware6455",
    "Full Name": "Sean Ware",
    "Category": "",
    "Followers": 740,
    "Following": 6513,
    "External URL": "",
    "Biography": "",
    "Profile URL": "https://instagram.com/ware6455",
    "Is business": false,
    "Is private": false,
    "Is verified": false
  },
  {
    "User ID": "60256254140",
    "Username": "scribe.of.tzeentch",
    "Full Name": "Tome Hunter",
    "Category": "",
    "Followers": 489,
    "Following": 400,
    "External URL": "",
    "Biography": "Just a faithful scribe of Tzeentch, searching the multie-verse for mystic tomes and forbidden knowledge in the name of the great deceiver.",
    "Profile URL": "https://instagram.com/scribe.of.tzeentch",
    "Is business": false,
    "Is private": false,
    "Is verified": false
  },
  {
    "User ID": "2915863133",
    "Username": "lav_raccoon",
    "Full Name": "Lav",
    "Category": "",
    "Followers": 124,
    "Following": 831,
    "External URL": "",
    "Biography": "23 - \ud83c\udde8\ud83c\udded\ud83c\uddee\ud83c\uddf9 - INTP\nI headcanon myself as mentally stable :]\nMy whole personality is dnd and sex jokes",
    "Profile URL": "https://instagram.com/lav_raccoon",
    "Is business": false,
    "Is private": false,
    "Is verified": false
  },
  {
    "User ID": "1410160761",
    "Username": "maironluz",
    "Full Name": "Mairon Luz",
    "Category": "",
    "Followers": 614,
    "Following": 1436,
    "External URL": "",
    "Biography": "",
    "Profile URL": "https://instagram.com/maironluz",
    "Is business": false,
    "Is private": false,
    "Is verified": false
  },
  {
    "User ID": "60506228011",
    "Username": "in_teokuitlatiueitlahtokayotl",
    "Full Name": "The Golden Empire",
    "Category": "",
    "Followers": 111,
    "Following": 325,
    "External URL": "",
    "Biography": "This is a profile for 5e World Building project.",
    "Profile URL": "https://instagram.com/in_teokuitlatiueitlahtokayotl",
    "Is business": false,
    "Is private": true,
    "Is verified": false
  },
  {
    "User ID": "46881870020",
    "Username": "verdantgames5e",
    "Full Name": "Verdant Games",
    "Category": "",
    "Followers": 1024,
    "Following": 111,
    "External URL": "http://www.verdant.games/",
    "Biography": "| Weekly homebrew content for 5e |\n| Art by @osso.cavo | \nYou can access full PDFs via the sources in the link\n#dnd5e #dndhomebrew",
    "Profile URL": "https://instagram.com/verdantgames5e",
    "Is business": false,
    "Is private": false,
    "Is verified": false
  },
  {
    "User ID": "23144323814",
    "Username": "roosterema",
    "Full Name": "Emanuele Galletto",
    "Category": "",
    "Followers": 1445,
    "Following": 424,
    "External URL": "http://linktr.ee/emanuelegalletto",
    "Biography": "ITA/ENG \ud83c\udff3\ufe0f\u200d\ud83c\udf08 \nENNIE-winning designer, art director, author of Fabula Ultima.\nAntifascist, antiauthoritarian, fuck NFT/AI/crypto.",
    "Profile URL": "https://instagram.com/roosterema",
    "Is business": false,
    "Is private": false,
    "Is verified": false
  }
]