[
  {
    "User ID": "39385826563",
    "Username": "jokomaisu",
    "Full Name": "jokomaisu",
    "Category": "",
    "Followers": 12,
    "Following": 220,
    "External URL": "",
    "Biography": "",
    "Profile URL": "https://instagram.com/jokomaisu",
    "Is business": false,
    "Is private": false,
    "Is verified": false
  },
  {
    "User ID": "3626643309",
    "Username": "cheyllama",
    "Full Name": "chey \u2728",
    "Category": "",
    "Followers": 338,
    "Following": 933,
    "External URL": "",
    "Biography": "swiftie. pun-maker. \nchaotic good. coffee lover.\n\u2740\u22c6.\u0cc3\u0fd4*:\uff65\u2740\u22c6.\u0cc3\u0fd4",
    "Profile URL": "https://instagram.com/cheyllama",
    "Is business": false,
    "Is private": true,
    "Is verified": false
  },
  {
    "User ID": "14775534160",
    "Username": "boubernatmateu",
    "Full Name": "Bernat",
    "Category": "",
    "Followers": 219,
    "Following": 569,
    "External URL": "",
    "Biography": "",
    "Profile URL": "https://instagram.com/boubernatmateu",
    "Is business": false,
    "Is private": true,
    "Is verified": false
  },
  {
    "User ID": "19312958725",
    "Username": "aether_crescent",
    "Full Name": "Aether_Crescent",
    "Category": "None",
    "Followers": 56,
    "Following": 59,
    "External URL": "",
    "Biography": "",
    "Profile URL": "https://instagram.com/aether_crescent",
    "Is business": true,
    "Is private": false,
    "Is verified": false
  },
  {
    "User ID": "654941800",
    "Username": "karl2311",
    "Full Name": "Karl Schmidt",
    "Category": "",
    "Followers": 143,
    "Following": 255,
    "External URL": "https://www.facebook.com/groups/1598271807066530",
    "Biography": "",
    "Profile URL": "https://instagram.com/karl2311",
    "Is business": false,
    "Is private": false,
    "Is verified": false
  },
  {
    "User ID": "296137438",
    "Username": "hayleyish",
    "Full Name": "Hayley",
    "Category": "",
    "Followers": 215,
    "Following": 426,
    "External URL": "",
    "Biography": "Multipurpose geek (they/she)",
    "Profile URL": "https://instagram.com/hayleyish",
    "Is business": false,
    "Is private": false,
    "Is verified": false
  },
  {
    "User ID": "8414661368",
    "Username": "tilli_mrtn",
    "Full Name": "Tilli",
    "Category": "",
    "Followers": 107,
    "Following": 161,
    "External URL": "",
    "Biography": "Animation student",
    "Profile URL": "https://instagram.com/tilli_mrtn",
    "Is business": false,
    "Is private": false,
    "Is verified": false
  },
  {
    "User ID": "58688486956",
    "Username": "ventosbh",
    "Full Name": "Stu",
    "Category": "",
    "Followers": 1,
    "Following": 57,
    "External URL": "",
    "Biography": "",
    "Profile URL": "https://instagram.com/ventosbh",
    "Is business": false,
    "Is private": true,
    "Is verified": false
  },
  {
    "User ID": "61807078497",
    "Username": "adryons_archivum",
    "Full Name": "Adryon's Archivum",
    "Category": "",
    "Followers": 2754,
    "Following": 513,
    "External URL": "",
    "Biography": "Sharing homebrew content and worldbuilding ideas for Dungeons and Dragons 5th Edition \u2697\ufe0f\ud83d\uddfa\ufe0f\ud83d\udcd6",
    "Profile URL": "https://instagram.com/adryons_archivum",
    "Is business": false,
    "Is private": false,
    "Is verified": false
  },
  {
    "User ID": "60890008486",
    "Username": "calibournestudios",
    "Full Name": "Calibourne Studios",
    "Category": "None",
    "Followers": 2171,
    "Following": 721,
    "External URL": "https://linktr.ee/calibourne",
    "Biography": "A one-man indie studio creating D&D 5e books, adventures, and campaign settings. \u2694\ufe0f\n\u2014 By Deckard Manne \u2014\nMyrwoods Setting Sourcebook coming soon\ud83c\udf32",
    "Profile URL": "https://instagram.com/calibournestudios",
    "Is business": true,
    "Is private": false,
    "Is verified": false
  }
]