[
  {
    "User ID": "49348898604",
    "Username": "youwannadowhatpodcast",
    "Full Name": "You wanna do WHAT!?!?",
    "Category": "",
    "Followers": 1266,
    "Following": 5253,
    "External URL": "https://anchor.fm/you-wanna-do-what, https://www.facebook.com/marketplace/item/6905593402887239/",
    "Biography": "The ongoing 'adventures' of MOGG, Mad Maven, Flamb\u00e9, Gorrik, Bramble Moss, and Bickle Jr. as they do everything except keep the DM sane.",
    "Profile URL": "https://instagram.com/youwannadowhatpodcast",
    "Is business": false,
    "Is private": false,
    "Is verified": false
  },
  {
    "User ID": "11367559518",
    "Username": "mediastreampress",
    "Full Name": "Andrew Frinkle",
    "Category": "None",
    "Followers": 1273,
    "Following": 6445,
    "External URL": "http://linktr.ee/mediastreampress",
    "Biography": "Indie Game Developer & Publisher\nTerra Incognita retro RPG for 5E is coming soon!",
    "Profile URL": "https://instagram.com/mediastreampress",
    "Is business": true,
    "Is private": false,
    "Is verified": false
  },
  {
    "User ID": "61255961651",
    "Username": "purplefox769",
    "Full Name": null,
    "Category": "",
    "Followers": 300,
    "Following": 7117,
    "External URL": "",
    "Biography": "",
    "Profile URL": "https://instagram.com/purplefox769",
    "Is business": false,
    "Is private": false,
    "Is verified": false
  },
  {
    "User ID": "48401563415",
    "Username": "les_looters",
    "Full Name": null,
    "Category": "",
    "Followers": 8,
    "Following": 90,
    "External URL": "",
    "Biography": "",
    "Profile URL": "https://instagram.com/les_looters",
    "Is business": false,
    "Is private": false,
    "Is verified": false
  },
  {
    "User ID": "24778077070",
    "Username": "diego.latini.75",
    "Full Name": "Diego Latini",
    "Category": "",
    "Followers": 171,
    "Following": 2284,
    "External URL": "",
    "Biography": "",
    "Profile URL": "https://instagram.com/diego.latini.75",
    "Is business": false,
    "Is private": false,
    "Is verified": false
  },
  {
    "User ID": "13374990805",
    "Username": "smokebombp",
    "Full Name": "Colin Couch",
    "Category": "None",
    "Followers": 55,
    "Following": 2460,
    "External URL": "",
    "Biography": "",
    "Profile URL": "https://instagram.com/smokebombp",
    "Is business": true,
    "Is private": false,
    "Is verified": false
  },
  {
    "User ID": "58471001283",
    "Username": "dm_compendium",
    "Full Name": "Dungeon Masters Compendium",
    "Category": "",
    "Followers": 2308,
    "Following": 1648,
    "External URL": "https://www.patreon.com/dungeonmasterscompendium",
    "Biography": "Join the Dungeon Masters Compendium and gain access to battlemaps, quests, monsters, and more. Everything you need to for your tabletop RPG sessions.",
    "Profile URL": "https://instagram.com/dm_compendium",
    "Is business": false,
    "Is private": false,
    "Is verified": false
  },
  {
    "User ID": "52402863188",
    "Username": "lystoria__project",
    "Full Name": "\ud83d\udee1\ufe0f Lystoria \u2694\ufe0f",
    "Category": "",
    "Followers": 496,
    "Following": 716,
    "External URL": "https://linktr.ee/lystoria__project, https://jamboeditora.com.br/produto/lystoria/, https://youtube.com/@evilwriterlo1526",
    "Biography": "P\u00e1gina dedicada ao meus esfor\u00e7os liter\u00e1rios, e meu canal no YouTube. \ud83d\udcdd",
    "Profile URL": "https://instagram.com/lystoria__project",
    "Is business": false,
    "Is private": false,
    "Is verified": false
  },
  {
    "User ID": "60044164369",
    "Username": "exp_harvester",
    "Full Name": "Exp  Harvester",
    "Category": "None",
    "Followers": 536,
    "Following": 934,
    "External URL": "https://linktr.ee/expharvester9expharvester",
    "Biography": "D&D content creators\ud83d\udde1\ufe0f\u2728 made in Italy!\ud83c\uddee\ud83c\uddf9\n\u2022\nHere to share our tabletop games experience\ud83c\udfb2\nClick the link below to access all our content!",
    "Profile URL": "https://instagram.com/exp_harvester",
    "Is business": true,
    "Is private": false,
    "Is verified": false
  },
  {
    "User ID": "48128536560",
    "Username": "rita25gdaisy",
    "Full Name": "Margarita",
    "Category": "",
    "Followers": 34,
    "Following": 76,
    "External URL": "",
    "Biography": "",
    "Profile URL": "https://instagram.com/rita25gdaisy",
    "Is business": false,
    "Is private": false,
    "Is verified": false
  }
]