[
  {
    "User ID": "60243317793",
    "Username": "flailtotheface",
    "Full Name": "Flail To The Face",
    "Category": "",
    "Followers": 365,
    "Following": 384,
    "External URL": "",
    "Biography": "The Rolled Standard Presents: Flail To The Face is a \"compatible with Mork Borg\" actual play podcast focusing on spotlighting 3rd party content.",
    "Profile URL": "https://instagram.com/flailtotheface",
    "Is business": false,
    "Is private": false,
    "Is verified": false
  },
  {
    "User ID": "29865815980",
    "Username": "micah_m00lman_",
    "Full Name": "Micah Moolman",
    "Category": "",
    "Followers": 78,
    "Following": 668,
    "External URL": "",
    "Biography": "'03\nUP\nComputer Engineering\n\"The mystery of life isn't a problem to solve, but a reality to experience.\"              \n- Frank Herbert",
    "Profile URL": "https://instagram.com/micah_m00lman_",
    "Is business": false,
    "Is private": true,
    "Is verified": false
  },
  {
    "User ID": "60658514696",
    "Username": "magnificus_artifex",
    "Full Name": "Drizzt DoUrden",
    "Category": "",
    "Followers": 50,
    "Following": 467,
    "External URL": "",
    "Biography": "Ich zeige hier meine Hobby-Kunst\nI show my hobbyart",
    "Profile URL": "https://instagram.com/magnificus_artifex",
    "Is business": false,
    "Is private": false,
    "Is verified": false
  },
  {
    "User ID": "61204125840",
    "Username": "zenflavor.dnd",
    "Full Name": "Chris",
    "Category": "",
    "Followers": 1562,
    "Following": 5616,
    "External URL": "https://www.dndbeyond.com/characters/104768015/86apNt, https://agothdoomhandtheskullsofpower.com/",
    "Biography": "\ud83c\udfb2 Streaming D&D\nQuesting in Agoth Doomhand and the Skulls of Power \ud83d\udc80#DnD",
    "Profile URL": "https://instagram.com/zenflavor.dnd",
    "Is business": false,
    "Is private": false,
    "Is verified": false
  },
  {
    "User ID": "57674923805",
    "Username": "tabletop.curiosities",
    "Full Name": "Tabletop Curiosities",
    "Category": "None",
    "Followers": 1611,
    "Following": 3076,
    "External URL": "https://tabletopcuriosities.etsy.com/",
    "Biography": "Welcome Adventurers \u2694\ufe0f \nJoin me on my quest- making ttrpg accessories!\nDice Maker and DM, based in Kent, England \ud83d\udd2e\ud83e\udddd\u200d\u2640\ufe0f",
    "Profile URL": "https://instagram.com/tabletop.curiosities",
    "Is business": true,
    "Is private": false,
    "Is verified": false
  },
  {
    "User ID": "3096325270",
    "Username": "starkiller3443",
    "Full Name": "Miguel Castro",
    "Category": "",
    "Followers": 225,
    "Following": 1151,
    "External URL": "",
    "Biography": "",
    "Profile URL": "https://instagram.com/starkiller3443",
    "Is business": false,
    "Is private": true,
    "Is verified": false
  },
  {
    "User ID": "7058306525",
    "Username": "ariannatremiti",
    "Full Name": "Arianna",
    "Category": "",
    "Followers": 43,
    "Following": 296,
    "External URL": "",
    "Biography": "\ud83c\udf35AZ | 20 | T1D |\ud83e\uddbf | \ud83c\udff3\ufe0f\u200d\ud83c\udf08\n\ud83d\udc1e",
    "Profile URL": "https://instagram.com/ariannatremiti",
    "Is business": false,
    "Is private": true,
    "Is verified": false
  },
  {
    "User ID": "57496064553",
    "Username": "soundsanddungeons",
    "Full Name": "Sounds & Dungeons-Javier",
    "Category": "",
    "Followers": 223,
    "Following": 812,
    "External URL": "https://linktr.ee/soundsanddungeons, http://www.soundsanddungeons.com/",
    "Biography": "I Am a Dungeon Master making Fantasy music  & Dungeon Synth for D&D, painting Minis & Making Terrain\ud83c\uddf5\ud83c\uddf7\nLINK BELOW FOR TTRPG MUSIC. ROYALTY FREE \u2b07\ufe0f!!",
    "Profile URL": "https://instagram.com/soundsanddungeons",
    "Is business": false,
    "Is private": false,
    "Is verified": false
  },
  {
    "User ID": "57030373194",
    "Username": "the_glorious_compendium",
    "Full Name": "The_Glorious_Compendium",
    "Category": "",
    "Followers": 2145,
    "Following": 932,
    "External URL": "https://linktr.ee/The_Glorious_Compendium",
    "Biography": "Creating D&D 5e quality homebrew for your adventures.",
    "Profile URL": "https://instagram.com/the_glorious_compendium",
    "Is business": false,
    "Is private": false,
    "Is verified": false
  },
  {
    "User ID": "745841622",
    "Username": "gui.pcruz",
    "Full Name": "Guilherme Cruz",
    "Category": "",
    "Followers": 636,
    "Following": 3115,
    "External URL": "",
    "Biography": "",
    "Profile URL": "https://instagram.com/gui.pcruz",
    "Is business": false,
    "Is private": true,
    "Is verified": false
  }
]