[
  {
    "User ID": "49102991130",
    "Username": "fatesforgednd",
    "Full Name": "Fate\u2019s Forge",
    "Category": "None",
    "Followers": 510,
    "Following": 755,
    "External URL": "https://open.spotify.com/show/2PX0b8CkrT4OjC3D4tUryd?si=tmIQMP9XSGuJMhGyEcOdZw",
    "Biography": "Bringing you mischief and mayhem to the realm of Ravenloft with a unique twist from Van Richten's sourcebook on Curse of Strahd",
    "Profile URL": "https://instagram.com/fatesforgednd",
    "Is business": true,
    "Is private": false,
    "Is verified": false
  },
  {
    "User ID": "61022593398",
    "Username": "worldshaper.ztl",
    "Full Name": "Keith Kirby",
    "Category": "",
    "Followers": 764,
    "Following": 4181,
    "External URL": "https://linktr.ee/worldshaper_studios",
    "Biography": "Digital #creaturedesign and #3D artist , #tabletop game enthusiast, #3dprinting,#sculptor of #Solkesh #Bestiary. #specevo artist. #commissions open",
    "Profile URL": "https://instagram.com/worldshaper.ztl",
    "Is business": false,
    "Is private": false,
    "Is verified": false
  },
  {
    "User ID": "56287729164",
    "Username": "historiaobscura_the_game",
    "Full Name": "Fabio De Vecchi",
    "Category": "",
    "Followers": 1536,
    "Following": 5161,
    "External URL": "",
    "Biography": "",
    "Profile URL": "https://instagram.com/historiaobscura_the_game",
    "Is business": false,
    "Is private": false,
    "Is verified": false
  },
  {
    "User ID": "52249150919",
    "Username": "fsproductions_ttrpg",
    "Full Name": "FrogE Style Produtions",
    "Category": "",
    "Followers": 482,
    "Following": 1567,
    "External URL": "https://www.dmsguild.com/m/product/480785",
    "Biography": "Giving GM\u2019s the tools they need to play better games and, in turn, tell better stories.",
    "Profile URL": "https://instagram.com/fsproductions_ttrpg",
    "Is business": false,
    "Is private": false,
    "Is verified": false
  },
  {
    "User ID": "47609138994",
    "Username": "ardapelkroke",
    "Full Name": "Noiz",
    "Category": "",
    "Followers": 165,
    "Following": 1001,
    "External URL": "",
    "Biography": "Hello\n\ud83c\uddf3\ud83c\uddf1\ud83c\udff3\ufe0f\u200d\ud83c\udf08\u2660\ufe0f\ntone indicators pls",
    "Profile URL": "https://instagram.com/ardapelkroke",
    "Is business": false,
    "Is private": false,
    "Is verified": false
  },
  {
    "User ID": "54190609449",
    "Username": "ildottoresexperiments",
    "Full Name": "Il Dottore",
    "Category": "",
    "Followers": 304,
    "Following": 200,
    "External URL": "https://linktr.ee/ildottoresexperiments",
    "Biography": "Creator of Homebrew for D&D 5e! \ud83d\udc09\ud83d\udde1\n(Hopefully) Daily Posts of Sheets! \ud83d\udcdc\nCommissions welcomed!\nAll brews original creations unless expressly stated!",
    "Profile URL": "https://instagram.com/ildottoresexperiments",
    "Is business": false,
    "Is private": false,
    "Is verified": false
  },
  {
    "User ID": "55583145974",
    "Username": "dichotomy.games",
    "Full Name": "Dichotomy Games",
    "Category": "",
    "Followers": 815,
    "Following": 547,
    "External URL": "https://www.patreon.com/dichotomygames",
    "Biography": "We are Dichotomy Games, a small team of passionate and dedicated writers committed to creating new and unique 5e-compatible content.",
    "Profile URL": "https://instagram.com/dichotomy.games",
    "Is business": false,
    "Is private": false,
    "Is verified": false
  },
  {
    "User ID": "59909049941",
    "Username": "ryko0001",
    "Full Name": "Ryback Kirot",
    "Category": "",
    "Followers": 287,
    "Following": 1030,
    "External URL": "",
    "Biography": "https://twitter.com/Ryko6684\nhttps://www.patreon.com/Ryko383\nhttps://www.deviantart.com/ryback1020/posts\nAmateur artist",
    "Profile URL": "https://instagram.com/ryko0001",
    "Is business": false,
    "Is private": false,
    "Is verified": false
  },
  {
    "User ID": "53319439631",
    "Username": "arcadiantv",
    "Full Name": "Arcadian Media",
    "Category": "",
    "Followers": 7114,
    "Following": 934,
    "External URL": "",
    "Biography": "Creators of games, films, and entertainment media. https://arcadian.tv\nD&D homebrew every Tuesday and Friday!",
    "Profile URL": "https://instagram.com/arcadiantv",
    "Is business": false,
    "Is private": false,
    "Is verified": false
  },
  {
    "User ID": "8952685430",
    "Username": "jbilodo",
    "Full Name": "John Bilodeau",
    "Category": "",
    "Followers": 211,
    "Following": 480,
    "External URL": "https://www.patreon.com/johnbilodeau",
    "Biography": "Toronto, ON - ink/pencil/watercolor illustrator",
    "Profile URL": "https://instagram.com/jbilodo",
    "Is business": false,
    "Is private": false,
    "Is verified": false
  }
]