[
  {
    "User ID": "2205222573",
    "Username": "yordanyo_",
    "Full Name": "Yordan Yordanov",
    "Category": "",
    "Followers": 18,
    "Following": 247,
    "External URL": "",
    "Biography": "Ruse, Bulgaria \ud83c\udde7\ud83c\uddec\u2693\nFantasy Enthusiast \ud83d\udc09 / Love travelling \ud83d\ude85",
    "Profile URL": "https://instagram.com/yordanyo_",
    "Is business": false,
    "Is private": true,
    "Is verified": false
  },
  {
    "User ID": "58959495540",
    "Username": "rollfordopamine",
    "Full Name": "Roll For Dopamine",
    "Category": "",
    "Followers": 408,
    "Following": 833,
    "External URL": "http://twitch.tv/rollfordopamine, https://m.youtube.com/@RollForDopamine",
    "Biography": "Streaming Fridays at 6:30 pm",
    "Profile URL": "https://instagram.com/rollfordopamine",
    "Is business": false,
    "Is private": false,
    "Is verified": false
  },
  {
    "User ID": "3056500027",
    "Username": "goncalves__8",
    "Full Name": "Pedro Gon\u00e7alves",
    "Category": "",
    "Followers": 280,
    "Following": 484,
    "External URL": "",
    "Biography": "",
    "Profile URL": "https://instagram.com/goncalves__8",
    "Is business": false,
    "Is private": true,
    "Is verified": false
  },
  {
    "User ID": "25827558187",
    "Username": "augusto_mvs",
    "Full Name": "augusto",
    "Category": "",
    "Followers": 212,
    "Following": 4426,
    "External URL": "",
    "Biography": "",
    "Profile URL": "https://instagram.com/augusto_mvs",
    "Is business": false,
    "Is private": false,
    "Is verified": false
  },
  {
    "User ID": "60821572839",
    "Username": "djimenez.miniatures",
    "Full Name": null,
    "Category": "",
    "Followers": 2741,
    "Following": 6814,
    "External URL": "",
    "Biography": "",
    "Profile URL": "https://instagram.com/djimenez.miniatures",
    "Is business": false,
    "Is private": false,
    "Is verified": false
  },
  {
    "User ID": "6636572733",
    "Username": "rufus_comics_404",
    "Full Name": "Francesco Roffi \ud83c\uddea\ud83c\udde6\ud83c\uddee\ud83c\uddf9",
    "Category": "",
    "Followers": 9262,
    "Following": 7277,
    "External URL": "https://www.redbubble.com/people/RufusComics/shop?asc=u&ref=account-nav-dropdown",
    "Biography": "@comicxone artist. #comics \ud83d\udcac\n#dnd \u2694 #fantasy \ud83e\udd84\nPost settimanale \ud83c\uddec\ud83c\udde7 English sub in the post description \ud83d\ude01 STORE:",
    "Profile URL": "https://instagram.com/rufus_comics_404",
    "Is business": false,
    "Is private": false,
    "Is verified": false
  },
  {
    "User ID": "60629234789",
    "Username": "pixel_humanity",
    "Full Name": "Pixel Humanity",
    "Category": "",
    "Followers": 833,
    "Following": 1632,
    "External URL": "",
    "Biography": "",
    "Profile URL": "https://instagram.com/pixel_humanity",
    "Is business": false,
    "Is private": false,
    "Is verified": false
  },
  {
    "User ID": "56592121345",
    "Username": "craftsofthedeep",
    "Full Name": "Crafts of the Deep \ud83e\udd91",
    "Category": "",
    "Followers": 1492,
    "Following": 1247,
    "External URL": "",
    "Biography": "Sculpting miniatures and terrain for my DnD campaigns (mostly). All figurines are handmade by me. \nHope you enjoy! \ud83d\udc19",
    "Profile URL": "https://instagram.com/craftsofthedeep",
    "Is business": false,
    "Is private": false,
    "Is verified": false
  },
  {
    "User ID": "60627326278",
    "Username": "tacobella.jinglebella",
    "Full Name": "Bella the cat \ud83d\udc08",
    "Category": "",
    "Followers": 2047,
    "Following": 4855,
    "External URL": "",
    "Biography": "",
    "Profile URL": "https://instagram.com/tacobella.jinglebella",
    "Is business": false,
    "Is private": false,
    "Is verified": false
  },
  {
    "User ID": "58274314866",
    "Username": "tcdreams_berlin",
    "Full Name": "TC Dreams-Berlin",
    "Category": "None",
    "Followers": 1642,
    "Following": 6023,
    "External URL": "http://www.tcdreams-berlin.de/, http://www.cardmarket.com/de/magic/users/tcdreams-berlin",
    "Biography": "Onlineshop f\u00fcr Exquisite Trading Cards in Berlin\n#TradingCards\n#MagicTheGathering\n#MTG\n#CardCollector\n#VintageCards\n#SealedProducts\n#boosterbreaks",
    "Profile URL": "https://instagram.com/tcdreams_berlin",
    "Is business": true,
    "Is private": false,
    "Is verified": false
  }
]