[
  {
    "User ID": "6652862091",
    "Username": "khaixrozary",
    "Full Name": "Intergalactic Kla Kri KhaixRozary",
    "Category": "",
    "Followers": 40,
    "Following": 7050,
    "External URL": "https://mobile.twitter.com/KhaixRozary",
    "Biography": "Saggitarius/Capricorn Cuspian. {INFJ} Lover of the Galaxy and the Interstellar Immaculty. Chrystalline Sol; Emanating the Will of the #SerenityRoze",
    "Profile URL": "https://instagram.com/khaixrozary",
    "Is business": false,
    "Is private": true,
    "Is verified": false
  },
  {
    "User ID": "46907601932",
    "Username": "dreamsconnect_agency",
    "Full Name": "Habee Expert",
    "Category": "",
    "Followers": 15,
    "Following": 92,
    "External URL": "",
    "Biography": "Helping dreams become reality through crowdfunding.\"",
    "Profile URL": "https://instagram.com/dreamsconnect_agency",
    "Is business": false,
    "Is private": false,
    "Is verified": false
  },
  {
    "User ID": "55045422193",
    "Username": "arcane_discoveries",
    "Full Name": "Liz & Jon",
    "Category": "",
    "Followers": 3093,
    "Following": 1694,
    "External URL": "http://ko-fi.com/arcanediscoveries",
    "Biography": "husband & wife on a quest to find the coolest d&d stuff and highlight the people who create it \u2694\ufe0f\ud83d\udd2e\narcanediscoveries@gmail.com",
    "Profile URL": "https://instagram.com/arcane_discoveries",
    "Is business": false,
    "Is private": false,
    "Is verified": false
  },
  {
    "User ID": "29417278412",
    "Username": "thebrokenfewdnd",
    "Full Name": "Apocalypse Written- The Stone Of Evendal",
    "Category": "",
    "Followers": 748,
    "Following": 1400,
    "External URL": "http://www.theshadowytavern.com/",
    "Biography": "Subtle storyteller\n \"The Stone of Evendal\"\ud83d\udd8d\n\ud83c\udf56\ud83d\udc12\ud83d\udde1\ud83d\udd0eAtemis - Elf Battlemaster\n\ud83d\udc65\ud83d\udc65\ud83d\udc64\ud83d\udc65\ud83d\udc65Camillo - Arcane Trickster\n\ud83d\udc26\ud83d\udc26\ud83d\udc26\ud83d\ude12\ud83d\udc26\ud83d\udc26\ud83d\udc26 Lupt -Swarmkeeper Ranger\n2009-2023+",
    "Profile URL": "https://instagram.com/thebrokenfewdnd",
    "Is business": false,
    "Is private": false,
    "Is verified": false
  },
  {
    "User ID": "19820217210",
    "Username": "vaultofthearcane",
    "Full Name": "The V.O.T.A",
    "Category": "None",
    "Followers": 1897,
    "Following": 407,
    "External URL": "https://ko-fi.com/vaultofthearcane",
    "Biography": "Some of my D&D5e creations that I hope reach a tabletop somewhere! \nI use art from different sources to match my creations, I don\u2019t own any of them.",
    "Profile URL": "https://instagram.com/vaultofthearcane",
    "Is business": true,
    "Is private": false,
    "Is verified": false
  },
  {
    "User ID": "58857265944",
    "Username": "oyinda_david",
    "Full Name": "Oyinda David",
    "Category": "",
    "Followers": 37,
    "Following": 219,
    "External URL": "",
    "Biography": "I am Oyinda, a professional digital marketing manager in the position of crowdfunding campaign management, content writing, Shopify marketing, etc.",
    "Profile URL": "https://instagram.com/oyinda_david",
    "Is business": false,
    "Is private": false,
    "Is verified": false
  },
  {
    "User ID": "59614298343",
    "Username": "arcane_paradox_ai",
    "Full Name": "Arcane Paradox AI",
    "Category": "",
    "Followers": 4124,
    "Following": 7218,
    "External URL": "",
    "Biography": "www.drusniel.com #dnd #aiart #dragonlanceart #rpgart",
    "Profile URL": "https://instagram.com/arcane_paradox_ai",
    "Is business": false,
    "Is private": false,
    "Is verified": false
  },
  {
    "User ID": "7832855642",
    "Username": "kellkorian",
    "Full Name": "Kellkore",
    "Category": "",
    "Followers": 400,
    "Following": 6152,
    "External URL": "",
    "Biography": "",
    "Profile URL": "https://instagram.com/kellkorian",
    "Is business": false,
    "Is private": false,
    "Is verified": false
  },
  {
    "User ID": "61227252800",
    "Username": "onethousandgoblins",
    "Full Name": "one thousand goblins",
    "Category": "None",
    "Followers": 560,
    "Following": 1184,
    "External URL": "",
    "Biography": "tOo mAnnee gObLiNS!!!\nA multi-faceted goblin every day until we reach 1,000!\nHere for your DND-inspired NPC random encounter story prompts!",
    "Profile URL": "https://instagram.com/onethousandgoblins",
    "Is business": true,
    "Is private": false,
    "Is verified": false
  },
  {
    "User ID": "58195755547",
    "Username": "dungeonaidgames",
    "Full Name": "Dungeonaid Games",
    "Category": "",
    "Followers": 3540,
    "Following": 7575,
    "External URL": "https://www.drivethrurpg.com/product/464187/DarkFrost-a-grim-yuletide-5e-sourcebook?term=DarkFrost+, https://www.drivethrurpg.com/product/450645/Creatures-from-Blightcoral-Cove, https://mailchi.mp/1cc185f11a0f/dungeonaidlanding, https://www.drivethrurpg.com/browse.php?keywords=Dungeonaid+&x=27&y=8",
    "Biography": "DarkFrost, a grim Christmas 5e adventure series now for sale on DriveThruRPG!",
    "Profile URL": "https://instagram.com/dungeonaidgames",
    "Is business": false,
    "Is private": false,
    "Is verified": false
  }
]