[
  {
    "User ID": "39677293801",
    "Username": "terranempirepublishing",
    "Full Name": "Terran Empire Publishing",
    "Category": "None",
    "Followers": 1004,
    "Following": 1952,
    "External URL": "https://www.amazon.com/stores/page/E1EE5454-E65C-42BF-A8F9-483A15552349, http://terranempirepublishing.com/",
    "Biography": "Family-run Publishing Company specializing in TTRPGs, LGBTQIA+ Romance, Fantasy/Sci-fi,  poetry & short stories, and Children's literature.",
    "Profile URL": "https://instagram.com/terranempirepublishing",
    "Is business": true,
    "Is private": false,
    "Is verified": false
  },
  {
    "User ID": "58427899874",
    "Username": "theshadowytavern",
    "Full Name": "The Shadowy Tavern",
    "Category": "",
    "Followers": 980,
    "Following": 2340,
    "External URL": "http://www.theshadowytavern.com/",
    "Biography": "Come hang out for some homebrew!",
    "Profile URL": "https://instagram.com/theshadowytavern",
    "Is business": false,
    "Is private": false,
    "Is verified": false
  },
  {
    "User ID": "1928637724",
    "Username": "a_slavic_shadow",
    "Full Name": "rosa antunes",
    "Category": "",
    "Followers": 165,
    "Following": 590,
    "External URL": "",
    "Biography": "Criadora de @lazulidice",
    "Profile URL": "https://instagram.com/a_slavic_shadow",
    "Is business": false,
    "Is private": true,
    "Is verified": false
  },
  {
    "User ID": "5991809105",
    "Username": "rolltorole",
    "Full Name": "Roll to Role",
    "Category": "",
    "Followers": 71,
    "Following": 109,
    "External URL": "http://rolltorole.com/, https://www.amazon.com/Roll-Role-K-M-Miller/dp/B0CD1684TM/ref=sr_1_5?keywords=roll+to+roll&qid=1691006921&s=books&sr=1-5, https://www.drivethrurpg.com/m/product/446999",
    "Biography": "Goat Cheese & Lavender\nRules-Light, Tabletop Roleplaying Games",
    "Profile URL": "https://instagram.com/rolltorole",
    "Is business": false,
    "Is private": false,
    "Is verified": false
  },
  {
    "User ID": "59672009979",
    "Username": "polyheathen_dice",
    "Full Name": null,
    "Category": "",
    "Followers": 407,
    "Following": 411,
    "External URL": "",
    "Biography": "Welcome my fellow heathens! Come and join me on my dice making journey! UK based",
    "Profile URL": "https://instagram.com/polyheathen_dice",
    "Is business": false,
    "Is private": false,
    "Is verified": false
  }
]