[
  {
    "User ID": "63489926811",
    "Username": "punch_rum",
    "Full Name": "Rum Punch",
    "Category": "",
    "Followers": 2160,
    "Following": 158,
    "External URL": "https://www.kickstarter.com/profile/1191763653",
    "Biography": "Making the comics we wanna read",
    "Profile URL": "https://instagram.com/punch_rum",
    "Is business": false,
    "Is private": false,
    "Is verified": false
  },
  {
    "User ID": "66379241273",
    "Username": "grappling.hooks",
    "Full Name": "Grappling Hooks",
    "Category": "",
    "Followers": 1229,
    "Following": 7529,
    "External URL": "https://www.patreon.com/GrapplingHooks",
    "Biography": "TTRPG and story hooks, scenarios and more. AI free.\nJoin for free and gain full access!",
    "Profile URL": "https://instagram.com/grappling.hooks",
    "Is business": false,
    "Is private": false,
    "Is verified": false
  },
  {
    "User ID": "49088034377",
    "Username": "piron_raphael",
    "Full Name": "Pyrrhon d'\u00c9lis",
    "Category": "",
    "Followers": 144,
    "Following": 1377,
    "External URL": "",
    "Biography": "Je ne suis qu'un serviteur de la v\u00e9rit\u00e9\nTr\u00e9sor divin\nHomme soja avec les couilles coup\u00e9e\nDresseur de daronne\nUn des 4 cordonniers @thechaussuregang",
    "Profile URL": "https://instagram.com/piron_raphael",
    "Is business": false,
    "Is private": true,
    "Is verified": false
  },
  {
    "User ID": "27181121002",
    "Username": "xxdeaddrakexx",
    "Full Name": "Drake Freeman",
    "Category": "",
    "Followers": 24,
    "Following": 137,
    "External URL": "",
    "Biography": "",
    "Profile URL": "https://instagram.com/xxdeaddrakexx",
    "Is business": false,
    "Is private": true,
    "Is verified": false
  },
  {
    "User ID": "62988132008",
    "Username": "artisticavenue71",
    "Full Name": "Artistry Avenue",
    "Category": "",
    "Followers": 555,
    "Following": 2915,
    "External URL": "",
    "Biography": "",
    "Profile URL": "https://instagram.com/artisticavenue71",
    "Is business": false,
    "Is private": false,
    "Is verified": false
  },
  {
    "User ID": "58224398029",
    "Username": "badwolf_forge",
    "Full Name": "Badwolf Forge",
    "Category": "None",
    "Followers": 420,
    "Following": 495,
    "External URL": "http://flowpage.com/badwolfforge",
    "Biography": "Unleash Your Wildcraft!\nForging new Creations in the Worlds of Table Top Role Playing Games",
    "Profile URL": "https://instagram.com/badwolf_forge",
    "Is business": true,
    "Is private": false,
    "Is verified": false
  },
  {
    "User ID": "7161842688",
    "Username": "fra_viga",
    "Full Name": "Francesco Vigan\u00f2",
    "Category": "",
    "Followers": 268,
    "Following": 314,
    "External URL": "",
    "Biography": "",
    "Profile URL": "https://instagram.com/fra_viga",
    "Is business": false,
    "Is private": false,
    "Is verified": false
  },
  {
    "User ID": "64223296326",
    "Username": "tesserark",
    "Full Name": "TESSERARK",
    "Category": "",
    "Followers": 188,
    "Following": 1505,
    "External URL": "https://patreon.com/TESSERARK, https://linktr.ee/Tesserark, https://ko-fi.com/tesserark",
    "Biography": "A super computer producing  VTT TABLETOP RPG content!\nTOKEN FRAMES VAULT.\nMore content soon!\nNEWS every week! \nHand drawing and IA as tool.",
    "Profile URL": "https://instagram.com/tesserark",
    "Is business": false,
    "Is private": false,
    "Is verified": false
  },
  {
    "User ID": "60535053289",
    "Username": "greedygorgonpress",
    "Full Name": "GreedyGorgonPress",
    "Category": "",
    "Followers": 2196,
    "Following": 4465,
    "External URL": "https://www.kickstarter.com/projects/songforthedead/killer-of-giants-a-dnd-5e-adventure?ref=4mvoa2",
    "Biography": "@greedygorgonpress.  Love #ttrpgs and the ttrpg community | chaotic half-orc barbs rule - change my mind | Shilling #dnd5e Heavy Metal one shots \ud83c\udfb8\ud83c\udfb8",
    "Profile URL": "https://instagram.com/greedygorgonpress",
    "Is business": false,
    "Is private": false,
    "Is verified": false
  },
  {
    "User ID": "4627868265",
    "Username": "clayscence",
    "Full Name": "Vanette Kosman",
    "Category": "",
    "Followers": 7254,
    "Following": 2137,
    "External URL": "https://linktr.ee/Clayscence",
    "Biography": "\ud83c\uddfa\ud83c\uddfe\ud83d\udc36\ud83c\udf3f\ud83d\udc9c \nFreelance digital artist. No AI/NFTS.\nCo-founder of @tcgbling MTG Tokens.\nHasbro Gaming, Apogee Ent. \n\ud83d\udc47Commissions, shop, websites\ud83d\udc47",
    "Profile URL": "https://instagram.com/clayscence",
    "Is business": false,
    "Is private": false,
    "Is verified": false
  }
]