[
  {
    "User ID": "7757640416",
    "Username": "2starlightx",
    "Full Name": null,
    "Category": "",
    "Followers": 0,
    "Following": 218,
    "External URL": "",
    "Biography": "",
    "Profile URL": "https://instagram.com/2starlightx",
    "Is business": false,
    "Is private": true,
    "Is verified": false
  },
  {
    "User ID": "27287870372",
    "Username": "waddlingblueduck",
    "Full Name": "Duck",
    "Category": "",
    "Followers": 31,
    "Following": 120,
    "External URL": "",
    "Biography": "I'm just a duck who enjoys writing and an absolute nut for anything steampunk.",
    "Profile URL": "https://instagram.com/waddlingblueduck",
    "Is business": false,
    "Is private": true,
    "Is verified": false
  },
  {
    "User ID": "26060691",
    "Username": "lowkeylokilookalike",
    "Full Name": null,
    "Category": "",
    "Followers": 515,
    "Following": 2264,
    "External URL": "",
    "Biography": "",
    "Profile URL": "https://instagram.com/lowkeylokilookalike",
    "Is business": false,
    "Is private": true,
    "Is verified": false
  },
  {
    "User ID": "57437276374",
    "Username": "lich_king_osiris",
    "Full Name": "Carl Wheezer",
    "Category": "",
    "Followers": 8,
    "Following": 508,
    "External URL": "",
    "Biography": "",
    "Profile URL": "https://instagram.com/lich_king_osiris",
    "Is business": false,
    "Is private": true,
    "Is verified": false
  },
  {
    "User ID": "60030904915",
    "Username": "tcgbling",
    "Full Name": "TCGBling",
    "Category": "None",
    "Followers": 272,
    "Following": 297,
    "External URL": "http://www.tcgbling.com/",
    "Biography": "MTG custom Tokens by human artists or create your own",
    "Profile URL": "https://instagram.com/tcgbling",
    "Is business": true,
    "Is private": false,
    "Is verified": false
  },
  {
    "User ID": "61777731523",
    "Username": "demodraggaming",
    "Full Name": "Trevor Gilbert",
    "Category": "",
    "Followers": 222,
    "Following": 5390,
    "External URL": "",
    "Biography": "",
    "Profile URL": "https://instagram.com/demodraggaming",
    "Is business": false,
    "Is private": false,
    "Is verified": false
  },
  {
    "User ID": "65136241453",
    "Username": "thekeyboardpilgrim",
    "Full Name": "Keyboard Pilgrim",
    "Category": "None",
    "Followers": 31,
    "Following": 59,
    "External URL": "",
    "Biography": "Gamebook and Retro Text Adventure player and creator.\n'Well Read Reaper Games 'n' Stuff' is my little company in the corner of my living room.",
    "Profile URL": "https://instagram.com/thekeyboardpilgrim",
    "Is business": true,
    "Is private": false,
    "Is verified": false
  },
  {
    "User ID": "61289095403",
    "Username": "dineshbhaibhil1",
    "Full Name": "dineshbhai  bhil",
    "Category": "",
    "Followers": 73,
    "Following": 75,
    "External URL": "",
    "Biography": "",
    "Profile URL": "https://instagram.com/dineshbhaibhil1",
    "Is business": false,
    "Is private": false,
    "Is verified": false
  },
  {
    "User ID": "48609218202",
    "Username": "yadavyashuy",
    "Full Name": "Yashu Yadav",
    "Category": "",
    "Followers": 102,
    "Following": 62,
    "External URL": "",
    "Biography": "bts \ud83c\udff3\ufe0f\u200d\ud83c\udf08",
    "Profile URL": "https://instagram.com/yadavyashuy",
    "Is business": false,
    "Is private": false,
    "Is verified": false
  },
  {
    "User ID": "66271842750",
    "Username": "mythosquill",
    "Full Name": "Mythos Quill",
    "Category": "",
    "Followers": 31,
    "Following": 93,
    "External URL": "https://www.kickstarter.com/projects/mythosquill/mythoria-world-chapter-i-land-of-men-dandd-5e-one-shots?ref=user_menu",
    "Biography": "Creating unique D&D concepts!",
    "Profile URL": "https://instagram.com/mythosquill",
    "Is business": false,
    "Is private": false,
    "Is verified": false
  }
]