[
  {
    "User ID": "65862282223",
    "Username": "grung_lover",
    "Full Name": null,
    "Category": "",
    "Followers": 20,
    "Following": 47,
    "External URL": "",
    "Biography": "",
    "Profile URL": "https://instagram.com/grung_lover",
    "Is business": false,
    "Is private": false,
    "Is verified": false
  },
  {
    "User ID": "25089261144",
    "Username": "fallenlegend.pt",
    "Full Name": "Marco Goncalves",
    "Category": "",
    "Followers": 78,
    "Following": 2352,
    "External URL": "",
    "Biography": "Verdade \u00e9 uma quest\u00e3o de perspectiva... Escolhe uma que se adeque!",
    "Profile URL": "https://instagram.com/fallenlegend.pt",
    "Is business": false,
    "Is private": true,
    "Is verified": false
  },
  {
    "User ID": "14216138976",
    "Username": "bluefox2233",
    "Full Name": "Daniel Schindler",
    "Category": "",
    "Followers": 159,
    "Following": 204,
    "External URL": "",
    "Biography": "",
    "Profile URL": "https://instagram.com/bluefox2233",
    "Is business": false,
    "Is private": true,
    "Is verified": false
  },
  {
    "User ID": "6036116080",
    "Username": "shabarigirisan1997",
    "Full Name": "theGirisan",
    "Category": "",
    "Followers": 1454,
    "Following": 3134,
    "External URL": "",
    "Biography": "Minimal Silhouette artist , Optical illusion illustration Artist, lover of black and white lines and sometimes there will be colors.",
    "Profile URL": "https://instagram.com/shabarigirisan1997",
    "Is business": false,
    "Is private": false,
    "Is verified": false
  },
  {
    "User ID": "1384077600",
    "Username": "ellesbelles_97",
    "Full Name": "Ellie Norris",
    "Category": "",
    "Followers": 552,
    "Following": 6223,
    "External URL": "",
    "Biography": "Web designer @cyberrosewebdesign",
    "Profile URL": "https://instagram.com/ellesbelles_97",
    "Is business": false,
    "Is private": true,
    "Is verified": false
  },
  {
    "User ID": "48977756038",
    "Username": "oneeyedwerebear",
    "Full Name": "One-Eyed Werebear Gaming",
    "Category": "None",
    "Followers": 1075,
    "Following": 2187,
    "External URL": "http://linkin.bio/oneeyedwerebear",
    "Biography": "Publishing adventures and more for your favorite role playing games. #dnd5e #dnd #rpg",
    "Profile URL": "https://instagram.com/oneeyedwerebear",
    "Is business": true,
    "Is private": false,
    "Is verified": false
  },
  {
    "User ID": "9992447440",
    "Username": "avynnmontgomery",
    "Full Name": "Avynn Montgomery",
    "Category": "",
    "Followers": 7,
    "Following": 126,
    "External URL": "",
    "Biography": "",
    "Profile URL": "https://instagram.com/avynnmontgomery",
    "Is business": false,
    "Is private": false,
    "Is verified": false
  },
  {
    "User ID": "59393243019",
    "Username": "hexcellar",
    "Full Name": "HexCellar",
    "Category": "",
    "Followers": 430,
    "Following": 156,
    "External URL": "",
    "Biography": "",
    "Profile URL": "https://instagram.com/hexcellar",
    "Is business": false,
    "Is private": false,
    "Is verified": false
  },
  {
    "User ID": "36041709991",
    "Username": "archangel_blaze92",
    "Full Name": "Malachai Rasmussen",
    "Category": "",
    "Followers": 121,
    "Following": 6764,
    "External URL": "",
    "Biography": "",
    "Profile URL": "https://instagram.com/archangel_blaze92",
    "Is business": false,
    "Is private": false,
    "Is verified": false
  },
  {
    "User ID": "20048417752",
    "Username": "icedevilr_g",
    "Full Name": "Isaiah Ewell",
    "Category": "",
    "Followers": 325,
    "Following": 4915,
    "External URL": "",
    "Biography": "",
    "Profile URL": "https://instagram.com/icedevilr_g",
    "Is business": false,
    "Is private": false,
    "Is verified": false
  }
]