[
  {
    "User ID": "49000282633",
    "Username": "bulb0megax_",
    "Full Name": "0megaX",
    "Category": "",
    "Followers": 187,
    "Following": 363,
    "External URL": "",
    "Biography": "Apprezzatore medio di (quasi) qualsiasi opera di finzione o artistica.",
    "Profile URL": "https://instagram.com/bulb0megax_",
    "Is business": false,
    "Is private": false,
    "Is verified": false
  },
  {
    "User ID": "7466113382",
    "Username": "damienb_animation",
    "Full Name": "Damien Bennett",
    "Category": "",
    "Followers": 60,
    "Following": 1061,
    "External URL": "",
    "Biography": "I'm an animation graduate and sketch and doodle",
    "Profile URL": "https://instagram.com/damienb_animation",
    "Is business": false,
    "Is private": true,
    "Is verified": false
  },
  {
    "User ID": "26445173147",
    "Username": "fandomstar.cos",
    "Full Name": "FandomStar",
    "Category": "",
    "Followers": 346,
    "Following": 2416,
    "External URL": "https://linktr.ee/fandomstar",
    "Biography": "Ell / 20\nUK cosplayer\nWorking On: Old Man McGucket\nNext Con: MCM London (Sunday)",
    "Profile URL": "https://instagram.com/fandomstar.cos",
    "Is business": false,
    "Is private": false,
    "Is verified": false
  },
  {
    "User ID": "191046434",
    "Username": "aritzcirbian",
    "Full Name": "Aritz Cirbi\u00e1n Casado",
    "Category": "",
    "Followers": 2236,
    "Following": 1905,
    "External URL": "https://www.imdb.com/name/nm3541386/",
    "Biography": "De BCN porque los de Bilbao nacemos donde nos da la gana | Neutral-Good Film & TV Producer \ud83c\udf9e @oslodije.media",
    "Profile URL": "https://instagram.com/aritzcirbian",
    "Is business": false,
    "Is private": false,
    "Is verified": false
  },
  {
    "User ID": "49270293783",
    "Username": "talesandtaverns",
    "Full Name": "Tales & Taverns",
    "Category": "None",
    "Followers": 12220,
    "Following": 297,
    "External URL": "https://www.kickstarter.com/projects/talesandtaverns/pumpkins-and-phantoms-a-dnd-5e-halloween-event, https://www.kickstarter.com/projects/talesandtaverns/dnd-5e-one-shots-of-tesharya-vol-2-life-of-adventure, https://www.patreon.com/talesandtaverns, http://linktr.ee/talesandtaverns",
    "Biography": "\ud83d\udc09 Dungeons & Dragons 5E Homebrew in \ud83c\uddfa\ud83c\uddf8\ud83c\uddea\ud83c\uddf8\n\ud83d\udcd6+400 pages of TTRPG content on Patreon \u2728\n\ud83c\udf7b The tavern is open!! \ud83c\udf7b Join us!!",
    "Profile URL": "https://instagram.com/talesandtaverns",
    "Is business": true,
    "Is private": false,
    "Is verified": false
  },
  {
    "User ID": "3872505361",
    "Username": "atomic_spaghetti",
    "Full Name": "Elena Barbieri",
    "Category": "None",
    "Followers": 1799,
    "Following": 973,
    "External URL": "https://atomicspaghetti.carrd.co/, https://ko-fi.com/atomicspaghetti, https://drive.google.com/drive/folders/1Q_2YwJeouowoZXkMGkFgwEmr5scMFFjh?usp=sharing",
    "Biography": "Illustrator, Concept Artist\ud83c\udff3\ufe0f\u200d\ud83c\udf08 COMMS OPEN!\n\ud83d\udcbc: Dark Birch Horde, Crossed Paths, Morvold Press, GMG, Stellara Books, Green Ronin, and more",
    "Profile URL": "https://instagram.com/atomic_spaghetti",
    "Is business": true,
    "Is private": false,
    "Is verified": false
  },
  {
    "User ID": "7938521946",
    "Username": "fenice_di_fuoco_",
    "Full Name": "\ud83d\udd25\ud835\udd17\ud835\udd25\ud835\udd22_\ud835\udd09\ud835\udd26\ud835\udd2f\ud835\udd22_\ud835\udd13\ud835\udd25\ud835\udd2c\ud835\udd22\ud835\udd2b\ud835\udd26\ud835\udd35_\ud83d\udd25",
    "Category": "",
    "Followers": 6,
    "Following": 191,
    "External URL": "",
    "Biography": "\ud83d\udd25\ud835\udd7b\ud835\udd94\ud835\udd98\ud835\udd99 \ud835\udd8b\ud835\udd86\ud835\udd99\ud835\udd86 \ud835\udd97\ud835\udd8a\ud835\udd98\ud835\udd9a\ud835\udd97\ud835\udd8c\ud835\udd94\ud83d\udd25",
    "Profile URL": "https://instagram.com/fenice_di_fuoco_",
    "Is business": false,
    "Is private": false,
    "Is verified": false
  },
  {
    "User ID": "40004527170",
    "Username": "pharezhis",
    "Full Name": "Pharezhis",
    "Category": "",
    "Followers": 4,
    "Following": 294,
    "External URL": "",
    "Biography": "",
    "Profile URL": "https://instagram.com/pharezhis",
    "Is business": false,
    "Is private": true,
    "Is verified": false
  },
  {
    "User ID": "29340959666",
    "Username": "eadesie2electricboogaloo",
    "Full Name": "Jack Eades",
    "Category": "",
    "Followers": 163,
    "Following": 549,
    "External URL": "",
    "Biography": "",
    "Profile URL": "https://instagram.com/eadesie2electricboogaloo",
    "Is business": false,
    "Is private": true,
    "Is verified": false
  },
  {
    "User ID": "58864359961",
    "Username": "lordofsabres",
    "Full Name": "William Robert",
    "Category": "",
    "Followers": 737,
    "Following": 1252,
    "External URL": "",
    "Biography": "UBC COGS '26\nThe key to good times: good food, good vibes, great people.\nAutistic and quirky but proud!",
    "Profile URL": "https://instagram.com/lordofsabres",
    "Is business": false,
    "Is private": true,
    "Is verified": false
  }
]