[
  {
    "User ID": "3047733304",
    "Username": "andrewhind73_",
    "Full Name": "Andrew Hind",
    "Category": "",
    "Followers": 631,
    "Following": 967,
    "External URL": "",
    "Biography": "Writer specialising in history, travel, and lifestyle. Proud father and husband.",
    "Profile URL": "https://instagram.com/andrewhind73_",
    "Is business": false,
    "Is private": false,
    "Is verified": false
  },
  {
    "User ID": "5723846063",
    "Username": "marta.dalessio",
    "Full Name": "Marta D'alessio",
    "Category": "",
    "Followers": 423,
    "Following": 1745,
    "External URL": "",
    "Biography": "",
    "Profile URL": "https://instagram.com/marta.dalessio",
    "Is business": false,
    "Is private": false,
    "Is verified": false
  },
  {
    "User ID": "4202060818",
    "Username": "_uazzo_",
    "Full Name": "Uazzo",
    "Category": "",
    "Followers": 494,
    "Following": 2859,
    "External URL": "",
    "Biography": "",
    "Profile URL": "https://instagram.com/_uazzo_",
    "Is business": false,
    "Is private": true,
    "Is verified": false
  },
  {
    "User ID": "5637219277",
    "Username": "2_noot_1",
    "Full Name": "Bryan",
    "Category": "None",
    "Followers": 390,
    "Following": 958,
    "External URL": "",
    "Biography": "\ud83e\udd9dall yours S.H<#",
    "Profile URL": "https://instagram.com/2_noot_1",
    "Is business": true,
    "Is private": false,
    "Is verified": false
  },
  {
    "User ID": "2100423565",
    "Username": "mine_5610",
    "Full Name": "Noemi Del Villano",
    "Category": "",
    "Followers": 334,
    "Following": 1174,
    "External URL": "",
    "Biography": "\ud83d\udc69\ud83c\udffb\u200d\ud83c\udf73Pastrychef",
    "Profile URL": "https://instagram.com/mine_5610",
    "Is business": false,
    "Is private": true,
    "Is verified": false
  },
  {
    "User ID": "55754663366",
    "Username": "paul_fr03",
    "Full Name": "Paul Fischer",
    "Category": "",
    "Followers": 117,
    "Following": 437,
    "External URL": "",
    "Biography": "21y  \ud83d\udccdHamburg\nTrying cardistry\n\u2615\ufe0f  \ud83e\uddca \u265f\ufe0f",
    "Profile URL": "https://instagram.com/paul_fr03",
    "Is business": false,
    "Is private": true,
    "Is verified": false
  },
  {
    "User ID": "65787946150",
    "Username": "cameron.brevard.1",
    "Full Name": null,
    "Category": "",
    "Followers": 29,
    "Following": 504,
    "External URL": "",
    "Biography": "New account because it signed me out and couldn\u2019t get back in :(",
    "Profile URL": "https://instagram.com/cameron.brevard.1",
    "Is business": false,
    "Is private": false,
    "Is verified": false
  },
  {
    "User ID": "6173924145",
    "Username": "fritz_stagram_kamui",
    "Full Name": "Lorenzo-Frisina",
    "Category": "",
    "Followers": 435,
    "Following": 1772,
    "External URL": "",
    "Biography": "~ Citizen of the world \ud83c\udf0d\n~ Cosmopolita \ud83c\udf0e\n\ud83c\udde8\ud83c\udded\ud83c\uddee\ud83c\uddf9 | \u264b | 9\u20e32\u20e3\n\ud83d\udc36\ud83d\udc36\ud83d\udc36's Aunt \ud83d\ude1b\n\ud83d\udccd\ud83c\udde8\ud83c\udded | \n#Travel |\n\u00abFatti non foste a viver come bruti\u00bb D. Alighieri",
    "Profile URL": "https://instagram.com/fritz_stagram_kamui",
    "Is business": false,
    "Is private": true,
    "Is verified": false
  },
  {
    "User ID": "65556315689",
    "Username": "dnd.character.help",
    "Full Name": null,
    "Category": "",
    "Followers": 80,
    "Following": 471,
    "External URL": "",
    "Biography": "- Get help making your first dnd character \ud83c\udfad\n- Tips and tricks for optimising your build \ud83c\udfb2\n- Dutch and English \ud83c\uddf3\ud83c\uddf1/\ud83c\uddec\ud83c\udde7\n- DM for requests! \ud83d\udce9",
    "Profile URL": "https://instagram.com/dnd.character.help",
    "Is business": false,
    "Is private": false,
    "Is verified": false
  },
  {
    "User ID": "58062738136",
    "Username": "jqgraziano",
    "Full Name": "Rediscovered Realms",
    "Category": "",
    "Followers": 211,
    "Following": 233,
    "External URL": "http://rediscoveredrealms.com/, https://kickstarter.com/projects/jqgraziano/the-lost-dungeon-heroic-old-school-epic-fantasy-gamebook",
    "Biography": "\u2694 Old School Fantasy Fan\n\ud83d\udd8b Rediscovered Realms Scribe\n\ud83d\udc09\ud83d\udcda Aspiring Gamebook Author\nKeep the Adventure Going Strong!",
    "Profile URL": "https://instagram.com/jqgraziano",
    "Is business": false,
    "Is private": false,
    "Is verified": false
  }
]