[
  {
    "User ID": "53473233141",
    "Username": "butter_brews",
    "Full Name": "Butter's Brews",
    "Category": "",
    "Followers": 37,
    "Following": 353,
    "External URL": "",
    "Biography": "21 y o",
    "Profile URL": "https://instagram.com/butter_brews",
    "Is business": false,
    "Is private": false,
    "Is verified": false
  },
  {
    "User ID": "2167752",
    "Username": "bongoheracles",
    "Full Name": "Mark Mobbs",
    "Category": "",
    "Followers": 46,
    "Following": 148,
    "External URL": "",
    "Biography": "",
    "Profile URL": "https://instagram.com/bongoheracles",
    "Is business": false,
    "Is private": false,
    "Is verified": false
  },
  {
    "User ID": "18009933213",
    "Username": "crestwork2",
    "Full Name": "Crest Work",
    "Category": "",
    "Followers": 10,
    "Following": 141,
    "External URL": "",
    "Biography": "",
    "Profile URL": "https://instagram.com/crestwork2",
    "Is business": false,
    "Is private": true,
    "Is verified": false
  },
  {
    "User ID": "2205872677",
    "Username": "steeben.n",
    "Full Name": "Steven Nguyen",
    "Category": "",
    "Followers": 342,
    "Following": 335,
    "External URL": "",
    "Biography": "Yuki\u2019s fan page",
    "Profile URL": "https://instagram.com/steeben.n",
    "Is business": false,
    "Is private": true,
    "Is verified": false
  },
  {
    "User ID": "590595690",
    "Username": "tryhardginger7",
    "Full Name": "Andrew Guillot",
    "Category": "",
    "Followers": 98,
    "Following": 225,
    "External URL": "",
    "Biography": "Huntsville, AL\nCybersecurity Major\nSnap: ande077",
    "Profile URL": "https://instagram.com/tryhardginger7",
    "Is business": false,
    "Is private": false,
    "Is verified": false
  },
  {
    "User ID": "308415145",
    "Username": "lustylavender666",
    "Full Name": "Noj Lavender",
    "Category": "",
    "Followers": 1002,
    "Following": 3464,
    "External URL": "",
    "Biography": "Concerts, chinchillas, Guinea pigs, rats, wiener dogs, reptiles, video games, comics, wrestling, horror. TBI/PCS survivor. \ud83c\udff3\ufe0f\u200d\ud83c\udf08",
    "Profile URL": "https://instagram.com/lustylavender666",
    "Is business": false,
    "Is private": false,
    "Is verified": false
  },
  {
    "User ID": "5802946042",
    "Username": "_wungo_",
    "Full Name": "Matt",
    "Category": "",
    "Followers": 171,
    "Following": 658,
    "External URL": "",
    "Biography": "Sharp as a tack, but in the sense that I'm not smart, just a prick.",
    "Profile URL": "https://instagram.com/_wungo_",
    "Is business": false,
    "Is private": true,
    "Is verified": false
  },
  {
    "User ID": "63847006385",
    "Username": "badgertalesgms",
    "Full Name": "Badger Tales",
    "Category": "",
    "Followers": 762,
    "Following": 1667,
    "External URL": "https://linktr.ee/badgertales",
    "Biography": "Your search for your next GM is over! Badger Tales creates unique and compelling roleplay games in incredible homebrew settings.",
    "Profile URL": "https://instagram.com/badgertalesgms",
    "Is business": false,
    "Is private": false,
    "Is verified": false
  },
  {
    "User ID": "59541639447",
    "Username": "koidragon1234",
    "Full Name": "fire Dragon 721\ud83c\uddf5\ud83c\uddf7",
    "Category": "",
    "Followers": 24,
    "Following": 202,
    "External URL": "",
    "Biography": "",
    "Profile URL": "https://instagram.com/koidragon1234",
    "Is business": false,
    "Is private": false,
    "Is verified": false
  },
  {
    "User ID": "65130547040",
    "Username": "crowdfunding_maddy",
    "Full Name": "Crowdfunding Maddy",
    "Category": "",
    "Followers": 16,
    "Following": 156,
    "External URL": "",
    "Biography": "Crowdfunding Campaign Strategist\nProfessional Creator Champion \ud83c\udf8a\nFind me with BackerKit \ud83d\udc9b",
    "Profile URL": "https://instagram.com/crowdfunding_maddy",
    "Is business": false,
    "Is private": false,
    "Is verified": false
  }
]