[
  {
    "User ID": "6911558847",
    "Username": "mekhiholley",
    "Full Name": "Mekhi Holley",
    "Category": "",
    "Followers": 151,
    "Following": 3997,
    "External URL": "",
    "Biography": "Freedom",
    "Profile URL": "https://instagram.com/mekhiholley",
    "Is business": false,
    "Is private": true,
    "Is verified": false
  },
  {
    "User ID": "46184743848",
    "Username": "dnd_yes",
    "Full Name": "Dnd info dump",
    "Category": "",
    "Followers": 65,
    "Following": 215,
    "External URL": "",
    "Biography": "First time DM, here for some inspiration",
    "Profile URL": "https://instagram.com/dnd_yes",
    "Is business": false,
    "Is private": false,
    "Is verified": false
  },
  {
    "User ID": "10479462319",
    "Username": "zander.mercurio",
    "Full Name": "Alesson Guilherme Ficner",
    "Category": "",
    "Followers": 2331,
    "Following": 3121,
    "External URL": "http://www.instagram.com/hunterxhunterxhunter/",
    "Biography": "\ud83d\udc9c@koy_ttoo \ud83d\udc9c\n\u2728Artista do Photoshop \u2728\n\ud83d\udeab N\u00e3o uso IA \ud83d\udeab",
    "Profile URL": "https://instagram.com/zander.mercurio",
    "Is business": false,
    "Is private": false,
    "Is verified": false
  },
  {
    "User ID": "5966963517",
    "Username": "unforgivingmuse",
    "Full Name": "Tefr Fantasy RPG Source.",
    "Category": "",
    "Followers": 352,
    "Following": 778,
    "External URL": "https://www.tefr.com/",
    "Biography": "Making failed AI images into great memes since 1872\nDnd rpg fun and Illustration.\nTefr TTRPG game development and world building now in beta.",
    "Profile URL": "https://instagram.com/unforgivingmuse",
    "Is business": false,
    "Is private": false,
    "Is verified": false
  },
  {
    "User ID": "3953315512",
    "Username": "keiblade_rush",
    "Full Name": "Keivon Rush",
    "Category": "",
    "Followers": 281,
    "Following": 4393,
    "External URL": "",
    "Biography": "Ag major\ud83c\udf31  \nJust a guy who uses quotes and enjoys reading and gaming and DND",
    "Profile URL": "https://instagram.com/keiblade_rush",
    "Is business": false,
    "Is private": true,
    "Is verified": false
  },
  {
    "User ID": "34747875917",
    "Username": "acondes219",
    "Full Name": null,
    "Category": "",
    "Followers": 125,
    "Following": 4390,
    "External URL": "",
    "Biography": "\ud83d\udc95 Married to the best, so don\u2019t even try \ud83d\udc95 5.25.20 \ud83d\udc8d",
    "Profile URL": "https://instagram.com/acondes219",
    "Is business": false,
    "Is private": true,
    "Is verified": false
  },
  {
    "User ID": "58672075169",
    "Username": "dungeonmastermind",
    "Full Name": "Jake Packham",
    "Category": "",
    "Followers": 1170,
    "Following": 1700,
    "External URL": "https://open.spotify.com/show/1pbpNqPabsREjWiqXqnbm5",
    "Biography": "A Dungeons and Dragons podcast that dives into rules and game mechanics as they relate to real life.",
    "Profile URL": "https://instagram.com/dungeonmastermind",
    "Is business": false,
    "Is private": false,
    "Is verified": false
  },
  {
    "User ID": "41172523978",
    "Username": "goreharthewolfking",
    "Full Name": "Michael Spell",
    "Category": "",
    "Followers": 34,
    "Following": 423,
    "External URL": "",
    "Biography": "",
    "Profile URL": "https://instagram.com/goreharthewolfking",
    "Is business": false,
    "Is private": false,
    "Is verified": false
  },
  {
    "User ID": "37531847382",
    "Username": "jm010180",
    "Full Name": "Julian Moreno",
    "Category": "",
    "Followers": 101,
    "Following": 2193,
    "External URL": "",
    "Biography": "-\ud83e\udd6d\ud83d\udc96\ud83c\udf57@zareth010180\ud83c\udf57\ud83d\udc96\ud83e\udd6d\n-Dog dad of Frida\ud83d\udc96",
    "Profile URL": "https://instagram.com/jm010180",
    "Is business": false,
    "Is private": true,
    "Is verified": false
  },
  {
    "User ID": "1320335",
    "Username": "mcmorelli",
    "Full Name": "Mary Morelli",
    "Category": "",
    "Followers": 364,
    "Following": 768,
    "External URL": "https://beacons.ai/marymo, https://linktr.ee/mcmorelli",
    "Biography": "Writer. Weirdo. Music Connoisseur. Theoretical Physics Enthusiast. You know, the basics.\n@morellihvac | @notyourcounterculture | @frankiemeowsrelax",
    "Profile URL": "https://instagram.com/mcmorelli",
    "Is business": false,
    "Is private": false,
    "Is verified": false
  }
]