[
  {
    "User ID": "60605365111",
    "Username": "mitico.rol",
    "Full Name": "M\u00edtico - Juego de Rol",
    "Category": "",
    "Followers": 567,
    "Following": 677,
    "External URL": "",
    "Biography": "\ud83c\udfb2 JUEGO DE ROL \ud83c\udfb2\n\ud83d\udc09 Sistema de reglas sencillo \ud83d\udcd6\n\ud83e\uddd9\ud83c\udffc\u200d\u2642\ufe0f Construcci\u00f3n \u00fanica de personajes \ud83e\udddd\ud83c\udffc\u200d\u2642\ufe0f\n\ud83d\udc47\ud83c\udffc \u00danete a la aventura",
    "Profile URL": "https://instagram.com/mitico.rol",
    "Is business": false,
    "Is private": false,
    "Is verified": false
  },
  {
    "User ID": "1393081909",
    "Username": "timeihavewasted",
    "Full Name": "Tory Harris",
    "Category": "",
    "Followers": 68,
    "Following": 2199,
    "External URL": "",
    "Biography": "",
    "Profile URL": "https://instagram.com/timeihavewasted",
    "Is business": false,
    "Is private": true,
    "Is verified": false
  },
  {
    "User ID": "63935459526",
    "Username": "tiredlich",
    "Full Name": "Boa",
    "Category": "",
    "Followers": 2,
    "Following": 52,
    "External URL": "",
    "Biography": "",
    "Profile URL": "https://instagram.com/tiredlich",
    "Is business": false,
    "Is private": false,
    "Is verified": false
  },
  {
    "User ID": "3003111506",
    "Username": "vandal.ware27",
    "Full Name": "Sean Ware",
    "Category": "",
    "Followers": 49,
    "Following": 523,
    "External URL": "",
    "Biography": "hello",
    "Profile URL": "https://instagram.com/vandal.ware27",
    "Is business": false,
    "Is private": false,
    "Is verified": false
  },
  {
    "User ID": "37560519383",
    "Username": "torfinn.myhre",
    "Full Name": "Torfinn (_ _).\uff61o\u25cb",
    "Category": "",
    "Followers": 7,
    "Following": 24,
    "External URL": "",
    "Biography": "",
    "Profile URL": "https://instagram.com/torfinn.myhre",
    "Is business": false,
    "Is private": true,
    "Is verified": false
  },
  {
    "User ID": "61294923389",
    "Username": "qor.sim_pro",
    "Full Name": "indiegogo | kickstarter | GoFundMe | Crowdfunding | Fundraising",
    "Category": "",
    "Followers": 375,
    "Following": 143,
    "External URL": "http://www.fiverr.com/qorsim_moye",
    "Biography": "\"Welcome to my page! I'm Qorsim, a seasoned digital marketer and crowdfunding expert. I'm here to help entrepreneurs turn visions into reality.",
    "Profile URL": "https://instagram.com/qor.sim_pro",
    "Is business": false,
    "Is private": false,
    "Is verified": false
  },
  {
    "User ID": "61289926612",
    "Username": "fortune_pro3",
    "Full Name": "Crowdfunding Expert",
    "Category": "None",
    "Followers": 6475,
    "Following": 1806,
    "External URL": "http://www.fiverr.com/fortunepro_team, https://femightyagency.dorik.io/",
    "Biography": "#crowdfunding\n#indiegogoproject\n#kickstarterproject\n#campaign\n#gofundme",
    "Profile URL": "https://instagram.com/fortune_pro3",
    "Is business": true,
    "Is private": false,
    "Is verified": false
  },
  {
    "User ID": "44678008723",
    "Username": "exp52400",
    "Full Name": "Eric Saba",
    "Category": "",
    "Followers": 40,
    "Following": 1420,
    "External URL": "",
    "Biography": "",
    "Profile URL": "https://instagram.com/exp52400",
    "Is business": false,
    "Is private": false,
    "Is verified": false
  },
  {
    "User ID": "63992564761",
    "Username": "legendsofdhemetra",
    "Full Name": "LOD",
    "Category": "",
    "Followers": 223,
    "Following": 1208,
    "External URL": "https://dhemetra.world/assets-for-dungeon-master/",
    "Biography": "\ud83d\udc51Dungeon Master\n\ud83c\udf0fWorld of Dhemetra\n\ud83d\udce6NPC assets for DM",
    "Profile URL": "https://instagram.com/legendsofdhemetra",
    "Is business": false,
    "Is private": false,
    "Is verified": false
  },
  {
    "User ID": "643572846",
    "Username": "draconis_sanguineum",
    "Full Name": "David Crooks",
    "Category": "",
    "Followers": 79,
    "Following": 358,
    "External URL": "",
    "Biography": "",
    "Profile URL": "https://instagram.com/draconis_sanguineum",
    "Is business": false,
    "Is private": false,
    "Is verified": false
  }
]